Day,Adjumani sim,Adjumani data,Adjumani error,East_Darfur sim,East_Darfur data,East_Darfur error,Haut-Uele sim,Haut-Uele data,Haut-Uele error,Ituri sim,Ituri data,Ituri error,Kakuma sim,Kakuma data,Kakuma error,Kiryandongo sim,Kiryandongo data,Kiryandongo error,Meri sim,Meri data,Meri error,North_Darfur sim,North_Darfur data,North_Darfur error,Rhino sim,Rhino data,Rhino error,South_Darfur sim,South_Darfur data,South_Darfur error,South_Kordofan sim,South_Kordofan data,South_Kordofan error,West_Kordofan sim,West_Kordofan data,West_Kordofan error,White_Nile sim,White_Nile data,White_Nile error,Jewi sim,Jewi data,Jewi error,Kule sim,Kule data,Kule error,Nguenyyiel sim,Nguenyyiel data,Nguenyyiel error,Okugo sim,Okugo data,Okugo error,Pugnido sim,Pugnido data,Pugnido error,Pugnido_II sim,Pugnido_II data,Pugnido_II error,Tierkidi sim,Tierkidi data,Tierkidi error,Total error,refugees in camps (UNHCR),total refugees (simulation),raw UNHCR refugee count,refugees in camps (simulation),refugee_debt
0,0,0.0,0.0,0,0.0,0.0,0,0.0,0.0,0,0.0,0.0,0,0.0,0.0,0,0.0,0.0,0,0.0,0.0,0,0.0,0.0,0,0.0,0.0,0,0.0,0.0,0,0.0,0.0,0,0.0,0.0,0,0.0,0.0,0,0.0,0.0,0,0.0,0.0,0,0.0,0.0,0,0.0,0.0,0,0.0,0.0,0,0.0,0.0,0,0.0,0.0,0,0,0,0,0,0
1,12,116,0.896551724137931,0,2,1.0,1,346,0.9971098265895953,0,29,1.0,0,0.0,0.0,0,0,0.0,23,48,0.5208333333333333,0,0,0.0,5,16,0.6875,0,0,0.0,0,0,0.0,0,0,0.0,0,78,1.0,0,73,1.0,0,21,1.0,0,0,0.0,0,387,1.0,0,0,0.0,0,0,0.0,0,0,0.0,0.9632616487455197,1116,1116,1116,41,0
2,41,232,0.8232758620689655,0,5,1.0,1,692,0.9985549132947977,0,58,1.0,0,0.0,0.0,1,0,0.0,54,96,0.4375,0,0,0.0,9,32,0.71875,0,0,0.0,0,0,0.0,0,0,0.0,0,157,1.0,0,147,1.0,0,43,1.0,0,0,0.0,0,775,1.0,0,0,0.0,0,0,0.0,0,0,0.0,0.9535091640590077,2237,2237,2237,106,0
3,72,349,0.7936962750716332,0,7,1.0,3,1038,0.9971098265895953,0,87,1.0,3,0.0,0.0,10,0,0.0,82,144,0.4305555555555556,0,0,0.0,19,49,0.6122448979591837,0,0,0.0,0,0,0.0,0,0,0.0,0,236,1.0,0,147,1.0,0,43,1.0,0,0,0.0,0,778,1.0,0,3,1.0,0,0,0.0,0,17,1.0,0.9437543133195307,2898,2898,2898,189,0
4,131,465,0.7182795698924731,0,10,1.0,8,1384,0.9942196531791907,1,116,0.9913793103448276,7,0.0,0.0,30,0,0.0,125,193,0.3523316062176166,0,0,0.0,32,65,0.5076923076923077,0,0,0.0,0,0,0.0,0,0,0.0,0,315,1.0,0,147,1.0,0,44,1.0,0,0,0.0,0,781,1.0,0,7,1.0,0,0,0.0,0,34,1.0,0.926986801460264,3561,3561,3561,334,0
5,201,581,0.6540447504302926,0,12,1.0,14,1730,0.991907514450867,1,145,0.993103448275862,15,0,0.0,46,0,0.0,168,241,0.30290456431535273,0,0,0.0,45,82,0.4512195121951219,0,0,0.0,0,0,0.0,0,0,0.0,0,394,1.0,0,147,1.0,0,44,1.0,0,0,0.0,0,784,1.0,0,10,1.0,0,1,1.0,0,51,1.0,0.9128375177640928,4222,4222,4222,490,0
6,271,698,0.6117478510028653,0,15,1.0,23,2076,0.9889210019267822,2,175,0.9885714285714285,25,0,0.0,59,0,0.0,214,289,0.25951557093425603,0,0,0.0,60,98,0.3877551020408163,0,0,0.0,0,0,0.0,0,0,0.0,0,473,1.0,0,147,1.0,0,45,1.0,0,0,0.0,0,787,1.0,0,14,1.0,0,1,1.0,0,68,1.0,0.9005321326238231,4886,4886,4886,654,0
7,325,814,0.6007371007371007,0,18,1.0,30,2423,0.9876186545604623,2,204,0.9901960784313726,35,0,0.0,72,0,0.0,283,337,0.1602373887240356,0,0,0.0,73,114,0.35964912280701755,0,0,0.0,0,0,0.0,0,0,0.0,0,552,1.0,0,147,1.0,0,45,1.0,0,0,0.0,0,790,1.0,0,18,1.0,0,1,1.0,0,85,1.0,0.8907714491708724,5548,5548,5548,820,0
8,396,930,0.5741935483870968,0,20,1.0,48,2769,0.9826652221018418,4,233,0.9828326180257511,50,0,0.0,87,0,0.0,337,386,0.12694300518134716,0,0,0.0,93,131,0.29007633587786263,0,0,0.0,0,0,0.0,0,0,0.0,0,631,1.0,0,147,1.0,0,46,1.0,0,0,0.0,0,794,1.0,0,21,1.0,0,2,1.0,0,102,1.0,0.8807147456535738,6212,6212,6212,1015,0
9,458,1047,0.562559694364852,1,23,0.9565217391304348,60,3115,0.9807383627608347,9,262,0.9656488549618321,75,0,0.0,104,0,0.0,391,434,0.09907834101382484,0,0,0.0,112,147,0.23809523809523814,0,0,0.0,0,0,0.0,0,0,0.0,0,710,1.0,0,147,1.0,0,47,1.0,0,0,0.0,0,797,1.0,0,25,1.0,0,2,1.0,0,119,1.0,0.8760727272727272,6875,6875,6875,1210,0
10,540,1163,0.5356835769561479,1,25,0.96,75,3461,0.9783299624386016,11,291,0.9621993127147767,90,0,0.0,127,0,0.0,458,482,0.049792531120331995,0,0,0.0,135,164,0.17682926829268297,0,0,0.0,0,0,0.0,0,0,0.0,0,789,1.0,0,150,1.0,0,63,1.0,0,0,0.0,0,800,1.0,0,25,1.0,0,3,1.0,0,136,1.0,0.8671875,7552,7552,7552,1437,0
11,611,1280,0.52265625,1,28,0.9642857142857143,96,3807,0.9747832939322301,14,321,0.956386292834891,106,0,0.0,155,0,0.0,507,530,0.04339622641509433,0,0,0.0,154,180,0.1444444444444445,0,0,0.0,0,0,0.0,0,0,0.0,0,868,1.0,0,153,1.0,0,79,1.0,0,0,0.0,0,803,1.0,0,25,1.0,0,4,1.0,1,153,0.9934640522875817,0.8635645729558984,8231,8231,8231,1645,0
12,703,1396,0.4964183381088825,1,30,0.9666666666666667,113,4153,0.9727907536720443,18,350,0.9485714285714286,129,0,0.0,176,0,0.0,578,579,0.0017271157167529916,0,0,0.0,183,196,0.06632653061224492,0,0,0.0,0,0,0.0,0,0,0.0,0,947,1.0,0,156,1.0,1,95,0.9894736842105263,0,0,0.0,0,806,1.0,0,25,1.0,0,4,1.0,1,170,0.9941176470588236,0.8548332771977096,8907,8907,8907,1903,0
13,790,1512,0.47751322751322756,1,33,0.9696969696969697,127,4500,0.9717777777777777,20,379,0.9472295514511874,148,0,0.0,201,0,0.0,648,627,0.03349282296650724,0,0,0.0,212,213,0.0046948356807511304,0,0,0.0,0,0,0.0,0,0,0.0,0,1026,1.0,0,159,1.0,1,111,0.990990990990991,0,0,0.0,0,810,1.0,1,25,0.96,0,5,1.0,2,187,0.9893048128342246,0.8528215291540628,9587,9587,9587,2151,0
14,882,1629,0.45856353591160226,1,36,0.9722222222222222,148,4846,0.9694593479158069,25,408,0.9387254901960784,187,0,0.0,229,0,0.0,728,675,0.07851851851851843,0,0,0.0,238,229,0.0393013100436681,0,0,0.0,0,0,0.0,0,0,0.0,0,1105,1.0,0,163,1.0,2,127,0.984251968503937,0,0,0.0,0,813,1.0,1,25,0.96,0,6,1.0,2,204,0.9901960784313726,0.855152932008572,10266,10266,10266,2443,0
15,987,1745,0.43438395415472775,1,36,0.9722222222222222,165,5192,0.9682203389830508,29,437,0.9336384439359268,222,0,0.0,252,0,0.0,804,723,0.11203319502074693,0,0,0.0,272,246,0.10569105691056913,0,0,0.0,0,0,0.0,0,0,0.0,0,1156,1.0,0,166,1.0,3,143,0.9790209790209791,0,0,0.0,0,816,1.0,2,25,0.92,0,7,1.0,3,221,0.9864253393665159,0.855401814349858,10913,10913,10913,2740,0
16,1084,1861,0.41751746372917786,1,36,0.9722222222222222,198,5538,0.9642470205850487,35,466,0.924892703862661,249,0,0.0,290,0,0.0,876,772,0.13471502590673579,0,0,0.0,302,262,0.15267175572519087,0,0,0.0,0,0,0.0,0,0,0.0,0,1208,1.0,0,169,1.0,6,159,0.9622641509433962,0,0,0.0,0,819,1.0,5,26,0.8076923076923077,0,7,1.0,3,238,0.9873949579831933,0.8544243577545195,11561,11561,11561,3049,0
17,1174,1978,0.40647118301314455,1,36,0.9722222222222222,215,5884,0.9634602311352821,42,496,0.9153225806451613,292,0,0.0,314,0,0.0,953,820,0.16219512195121943,0,0,0.0,330,278,0.18705035971223016,0,0,0.0,0,0,0.0,0,0,0.0,0,1260,1.0,0,172,1.0,10,175,0.9428571428571428,3,0,0.0,0,822,1.0,6,26,0.7692307692307692,0,8,1.0,5,255,0.9803921568627451,0.8561015561015561,12210,12210,12210,3345,0
18,1262,2094,0.39732569245463223,1,36,0.9722222222222222,246,6230,0.960513643659711,47,525,0.9104761904761904,317,0,0.0,342,0,0.0,1055,868,0.21543778801843327,0,0,0.0,366,295,0.2406779661016949,0,0,0.0,2,0,0.0,0,0,0.0,0,1312,1.0,0,175,1.0,12,191,0.93717277486911,3,0,0.0,0,826,1.0,9,26,0.6538461538461539,0,9,1.0,5,272,0.9816176470588235,0.858231588770511,12859,12859,12859,3667,0
19,1371,2211,0.3799185888738128,1,36,0.9722222222222222,275,6576,0.9581812652068127,54,554,0.9025270758122743,352,0,0.0,368,0,0.0,1126,916,0.22925764192139741,0,0,0.0,391,311,0.257234726688103,0,0,0.0,2,0,0.0,0,0,0.0,0,1364,1.0,0,179,1.0,16,207,0.9227053140096618,3,0,0.0,0,829,1.0,10,26,0.6153846153846154,0,10,1.0,7,289,0.9757785467128027,0.8559372223867338,13508,13508,13508,3976,0
20,1485,2327,0.3618392780403954,1,36,0.9722222222222222,310,6923,0.9552217246858299,58,583,0.9005145797598628,402,0,0.0,401,0,0.0,1217,965,0.2611398963730569,0,0,0.0,423,328,0.28963414634146334,0,0,0.0,2,0,0.0,1,0,0.0,0,1416,1.0,0,182,1.0,19,223,0.9147982062780269,4,0,0.0,1,832,0.9987980769230769,11,26,0.5769230769230769,0,10,1.0,8,306,0.9738562091503268,0.8566786748604931,14157,14157,14157,4343,0
21,1589,2443,0.34957020057306587,1,36,0.9722222222222222,330,7269,0.9546017333883615,63,612,0.8970588235294118,442,0,0.0,422,0,0.0,1290,1013,0.2734452122408686,0,0,0.0,461,344,0.3401162790697674,0,0,0.0,2,0,0.0,1,0,0.0,0,1468,1.0,0,185,1.0,21,239,0.9121338912133892,8,0,0.0,2,835,0.9976047904191617,12,26,0.5384615384615384,0,11,1.0,10,323,0.9690402476780186,0.8570656579302891,14804,14804,14804,4654,0
22,1685,2560,0.341796875,1,36,0.9722222222222222,365,7615,0.9520682862770847,68,642,0.8940809968847352,479,0,0.0,447,0,0.0,1381,1061,0.30160226201696516,0,0,0.0,488,360,0.3555555555555556,0,0,0.0,2,0,0.0,1,0,0.0,0,1520,1.0,0,188,1.0,26,255,0.8980392156862745,9,0,0.0,3,838,0.9964200477326969,13,26,0.5,0,12,1.0,10,340,0.9705882352941176,0.8572445479842102,15453,15453,15453,4978,0
23,1791,2676,0.3307174887892377,1,36,0.9722222222222222,394,7961,0.9505087300590378,70,671,0.8956780923994039,527,0,0.0,476,0,0.0,1450,1109,0.3074842200180343,0,0,0.0,529,377,0.403183023872679,1,0,0.0,2,0,0.0,3,0,0.0,0,1572,1.0,1,192,0.9947916666666666,30,272,0.8897058823529411,11,0,0.0,4,842,0.995249406175772,14,26,0.46153846153846156,0,12,1.0,12,358,0.9664804469273743,0.857799304520616,16104,16104,16104,5316,0
24,1890,2792,0.3230659025787965,1,36,0.9722222222222222,422,8307,0.9491994703262309,79,700,0.8871428571428571,582,0,0.0,508,0,0.0,1538,1158,0.3281519861830742,0,0,0.0,558,393,0.41984732824427473,2,0,0.0,2,0,0.0,4,0,0.0,0,1624,1.0,1,196,0.9948979591836735,31,276,0.8876811594202898,13,0,0.0,4,843,0.9952550415183867,15,26,0.42307692307692313,0,12,1.0,12,357,0.9663865546218487,0.8594497607655502,16720,16720,16720,5662,0
25,2016,2909,0.306978343073221,2,36,0.9444444444444444,452,8653,0.9477637813475095,84,729,0.8847736625514403,628,0,0.0,548,0,0.0,1623,1206,0.3457711442786069,0,0,0.0,600,410,0.46341463414634143,2,0,0.0,3,0,0.0,6,0,0.0,0,1675,1.0,1,201,0.9950248756218906,38,281,0.8647686832740213,14,0,0.0,4,844,0.995260663507109,16,26,0.3846153846153846,0,12,1.0,13,357,0.9635854341736695,0.859622815617971,17339,17339,17339,6050,0
26,2134,3025,0.29454545454545455,2,36,0.9444444444444444,485,9000,0.9461111111111111,85,758,0.8878627968337731,696,0,0.0,588,0,0.0,1703,1254,0.35805422647527907,0,0,0.0,633,426,0.4859154929577465,3,0,0.0,4,0,0.0,7,0,0.0,1,1727,0.9994209612044007,1,206,0.9951456310679612,39,285,0.8631578947368421,17,0,0.0,5,845,0.9940828402366864,17,27,0.37037037037037035,0,12,1.0,15,356,0.9578651685393258,0.8611683466057805,17957,17957,17957,6435,0
27,2241,3142,0.2867600254614895,2,36,0.9444444444444444,525,9346,0.9438262358228119,89,787,0.8869123252858958,750,0,0.0,619,0,0.0,1784,1302,0.37019969278033793,0,0,0.0,672,442,0.5203619909502262,3,0,0.0,5,0,0.0,7,0,0.0,1,1779,0.9994378864530635,1,211,0.995260663507109,44,290,0.8482758620689655,18,0,0.0,6,846,0.9929078014184397,19,27,0.2962962962962963,0,13,1.0,17,356,0.952247191011236,0.8613877375248964,18577,18577,18577,6803,0
28,2339,3258,0.28207489257213014,2,36,0.9444444444444444,561,9692,0.9421172100701609,97,817,0.8812729498164015,805,0,0.0,652,0,0.0,1865,1351,0.38045891931902287,0,0,0.0,698,459,0.5206971677559913,3,0,0.0,6,0,0.0,8,0,0.0,2,1831,0.9989077007099946,2,216,0.9907407407407407,49,294,0.8333333333333334,18,0,0.0,8,847,0.9905548996458088,20,27,0.2592592592592593,0,13,1.0,18,356,0.949438202247191,0.8612804083971454,19197,19197,19197,7153,0
29,2441,3374,0.27652637818612924,3,36,0.9166666666666666,586,10038,0.9416218370193266,104,846,0.8770685579196218,856,0,0.0,680,0,0.0,1960,1399,0.4010007147962831,0,0,0.0,748,475,0.5747368421052632,3,0,0.0,6,0,0.0,9,0,0.0,2,1883,0.9989378651088688,2,221,0.9909502262443439,52,299,0.8260869565217391,21,0,0.0,10,848,0.9882075471698113,21,27,0.2222222222222222,0,13,1.0,19,355,0.9464788732394366,0.8634803674169779,19814,19814,19814,7523,0
30,2556,3491,0.26783156688627896,3,36,0.9166666666666666,628,10118,0.9379323977070567,109,846,0.8711583924349882,909,12,74.75,708,0,0.0,2058,1447,0.42225293711126466,0,0,0.0,781,492,0.5873983739837398,3,0,0.0,7,0,0.0,10,0,0.0,2,1935,0.9989664082687338,2,226,0.9911504424778761,53,304,0.8256578947368421,22,0,0.0,10,849,0.9882214369846879,26,27,0.03703703703703709,0,13,1.0,20,355,0.9436619718309859,0.8604039501761699,20151,20151,20151,7907,0
31,2661,3544,0.24915349887133187,3,36,0.9166666666666666,659,10198,0.9353794861737595,118,846,0.8605200945626478,962,25,37.48,751,0,0.0,2137,1495,0.4294314381270903,2,0,0.0,813,591,0.3756345177664975,7,0,0.0,7,0,0.0,10,0,0.0,2,1987,0.9989934574735783,2,226,0.9911504424778761,58,318,0.8176100628930818,25,0,0.0,11,850,0.9870588235294118,29,27,0.07407407407407418,0,13,1.0,22,362,0.9392265193370166,0.8504240179354713,20518,20518,20518,8279,0
32,2763,3597,0.23185988323603002,4,36,0.8888888888888888,696,10278,0.9322825452422651,125,846,0.8522458628841607,1025,37,26.7027027027027,794,0,0.0,2234,1544,0.4468911917098446,2,0,0.0,842,691,0.2185238784370478,7,0,0.0,11,0,0.0,10,0,0.0,4,2039,0.998038254046101,3,226,0.9867256637168141,62,332,0.8132530120481928,26,0,0.0,14,851,0.9835487661574618,29,27,0.07407407407407418,0,13,1.0,23,370,0.9378378378378378,0.8414324699573897,20887,20887,20887,8674,0
33,2866,3651,0.21500958641468093,6,36,0.8333333333333334,740,10358,0.9285576366093841,131,846,0.8451536643026005,1098,50,20.96,838,0,0.0,2322,1592,0.45854271356783927,2,0,0.0,873,791,0.10366624525916568,8,0,0.0,11,0,0.0,11,0,0.0,5,2091,0.9976087996174079,3,226,0.9867256637168141,64,346,0.815028901734104,27,0,0.0,16,852,0.9812206572769953,31,27,0.14814814814814814,0,13,1.0,24,378,0.9365079365079365,0.8328080161829045,21257,21257,21257,9076,0
34,2968,3704,0.1987041036717062,6,36,0.8333333333333334,767,10438,0.9265184901322092,138,846,0.8368794326241135,1154,62,17.612903225806452,868,0,0.0,2395,1640,0.46036585365853666,2,0,0.0,904,891,0.014590347923681302,9,0,0.0,13,0,0.0,11,0,0.0,5,2143,0.9976668222118525,3,226,0.9867256637168141,68,361,0.8116343490304709,29,0,0.0,18,853,0.9788980070339977,33,27,0.22222222222222232,0,13,1.0,25,385,0.935064935064935,0.8233526011560693,21625,21625,21625,9416,0
35,3051,3758,0.18813198509845663,6,36,0.8333333333333334,799,10518,0.9240349876402358,146,846,0.8274231678486997,1218,75,15.239999999999998,896,0,0.0,2469,1688,0.4626777251184835,3,0,0.0,939,991,0.052472250252270425,9,0,0.0,15,0,0.0,11,0,0.0,5,2194,0.9977210574293528,3,226,0.9867256637168141,74,375,0.8026666666666666,36,0,0.0,19,854,0.977751756440281,39,27,0.4444444444444444,0,13,1.0,27,393,0.9312977099236641,0.8202691643175412,21994,21994,21994,9765,0
36,3143,3811,0.17528207819469954,6,36,0.8333333333333334,836,10598,0.9211171919230043,150,846,0.8226950354609929,1272,87,13.620689655172415,923,0,0.0,2545,1737,0.46516983304548076,3,0,0.0,976,1090,0.1045871559633027,13,0,0.0,16,0,0.0,12,0,0.0,5,2246,0.9977738201246661,3,226,0.9867256637168141,78,389,0.7994858611825193,38,0,0.0,21,855,0.9754385964912281,43,28,0.5357142857142858,1,13,0.9230769230769231,27,400,0.9325,0.8173240318397281,22362,22362,22362,10111,0
37,3236,3865,0.16274256144890042,6,36,0.8333333333333334,877,10678,0.9178685147031279,155,846,0.8167848699763594,1348,100,12.48,950,0,0.0,2608,1785,0.46106442577030804,3,0,0.0,1006,1190,0.1546218487394958,13,0,0.0,20,0,0.0,14,0,0.0,5,2298,0.9978241949521323,3,226,0.9867256637168141,82,404,0.7970297029702971,39,0,0.0,21,856,0.9754672897196262,46,28,0.6428571428571428,1,13,0.9230769230769231,31,408,0.9240196078431373,0.8148946465490696,22733,22733,22733,10464,0
38,3325,3918,0.15135273098519653,6,36,0.8333333333333334,907,10758,0.9156906488194831,160,846,0.8108747044917257,1399,112,11.491071428571429,969,0,0.0,2683,1833,0.46372067648663395,3,0,0.0,1038,1290,0.1953488372093023,15,0,0.0,21,0,0.0,15,0,0.0,5,2350,0.997872340425532,4,294,0.9863945578231292,89,431,0.7935034802784222,41,0,0.0,24,858,0.972027972027972,47,28,0.6785714285714286,1,13,0.9230769230769231,33,437,0.9244851258581236,0.8127478021030857,23204,23204,23204,10785,0
39,3443,3971,0.13296398891966754,7,36,0.8055555555555556,940,10838,0.9132681306514117,164,846,0.8061465721040189,1471,125,10.768,996,0,0.0,2747,1881,0.4603934077618288,3,0,0.0,1074,1390,0.22733812949640286,15,0,0.0,25,0,0.0,16,0,0.0,6,2402,0.9975020815986678,5,362,0.9861878453038674,99,459,0.7843137254901961,43,0,0.0,26,859,0.969732246798603,51,28,0.8214285714285714,1,13,0.9230769230769231,38,467,0.9186295503211992,0.8097731976179414,23677,23677,23677,11170,0
40,3530,4025,0.12298136645962732,8,36,0.7777777777777778,970,10918,0.9111558893570251,171,846,0.7978723404255319,1553,137,10.335766423357665,1018,0,0.0,2812,1930,0.45699481865284963,4,0,0.0,1107,1490,0.25704697986577185,15,0,0.0,32,0,0.0,19,0,0.0,7,2454,0.9971475142624286,5,430,0.9883720930232558,104,487,0.786447638603696,48,0,0.0,27,860,0.9686046511627907,55,28,0.9642857142857142,1,13,0.9230769230769231,39,496,0.9213709677419355,0.8093995859213251,24150,24150,24150,11525,0
41,3625,4078,0.11108386463952913,9,36,0.75,994,10998,0.9096199308965266,176,846,0.7919621749408984,1618,150,9.786666666666667,1042,0,0.0,2896,1978,0.4641051567239636,4,0,0.0,1138,1589,0.2838263058527376,17,0,0.0,34,0,0.0,19,0,0.0,7,2506,0.9972067039106145,6,498,0.9879518072289156,116,515,0.7747572815533981,51,0,0.0,29,861,0.9663182346109176,57,28,1.0357142857142856,1,13,0.9230769230769231,43,526,0.9182509505703422,0.808382747136707,24622,24622,24622,11882,0
42,3713,4132,0.10140367860600197,11,36,0.6944444444444444,1031,11078,0.9069326593247878,186,846,0.7801418439716312,1692,162,9.444444444444445,1076,0,0.0,2972,2026,0.46692991115498517,5,0,0.0,1169,1689,0.30787448194197753,19,0,0.0,35,0,0.0,20,0,0.0,7,2558,0.9972634870992964,7,567,0.9876543209876543,120,543,0.7790055248618785,51,0,0.0,31,862,0.9640371229698376,58,28,1.0714285714285716,1,13,0.9230769230769231,47,555,0.9153153153153153,0.8076509264793784,25095,25095,25095,12251,0
43,3811,4185,0.0893667861409797,11,36,0.6944444444444444,1065,11158,0.9045527872378563,191,846,0.7742316784869976,1771,175,9.12,1108,0,0.0,3043,2074,0.4672131147540983,5,0,0.0,1204,1789,0.3269983230855227,19,0,0.0,36,0,0.0,21,0,0.0,9,2610,0.996551724137931,8,635,0.9874015748031496,132,571,0.7688266199649737,55,0,0.0,36,863,0.9582850521436849,63,28,1.25,1,13,0.9230769230769231,47,584,0.9195205479452054,0.8064692768021278,25567,25567,25567,12636,0
44,3924,4239,0.07430997876857748,11,36,0.6944444444444444,1094,11238,0.9026517173874355,201,846,0.7624113475177305,1846,187,8.871657754010695,1146,0,0.0,3107,2123,0.46349505416862935,6,0,0.0,1234,1889,0.3467443091582848,19,0,0.0,38,0,0.0,24,0,0.0,9,2662,0.9966190833959429,9,703,0.9871977240398293,137,599,0.7712854757929883,55,0,0.0,37,864,0.9571759259259259,69,28,1.4642857142857144,1,13,0.9230769230769231,55,614,0.9104234527687296,0.8049998079950846,26041,26041,26041,13022,0
45,4022,4292,0.06290773532152838,11,551,0.9800362976406534,1137,11318,0.8995405548683513,205,846,0.7576832151300237,1927,200,8.635,1178,0,0.0,3196,2171,0.47213265776140023,7,0,0.0,1269,1989,0.3619909502262444,20,3,5.666666666666667,45,0,0.0,25,0,0.0,9,2756,0.9967343976777939,11,771,0.9857328145265889,142,615,0.7691056910569105,57,0,0.0,39,865,0.9549132947976878,72,28,1.5714285714285716,1,13,0.9230769230769231,57,629,0.9093799682034976,0.8084815321477428,27047,27047,27047,13430,0
46,4145,4346,0.04624942475839855,12,1067,0.9887535145267105,1175,11398,0.8969117389015617,209,846,0.7529550827423168,2013,212,8.495283018867925,1203,0,0.0,3289,2219,0.4821991888237944,7,0,0.0,1297,2088,0.3788314176245211,22,6,2.6666666666666665,49,0,0.0,26,0,0.0,9,2850,0.9968421052631579,11,839,0.9868891537544696,153,631,0.757527733755943,62,0,0.0,40,866,0.953810623556582,73,29,1.5172413793103448,1,13,0.9230769230769231,57,645,0.9116279069767442,0.8111923008376404,28055,28055,28055,13853,0
47,4251,4399,0.03364401000227324,12,1582,0.9924146649810367,1208,11478,0.8947551838299356,215,846,0.7458628841607565,2078,225,8.235555555555555,1233,0,0.0,3371,2267,0.4869872077635642,7,0,0.0,1330,2188,0.3921389396709324,23,9,1.5555555555555554,50,0,0.0,30,0,0.0,10,2944,0.9966032608695652,11,908,0.987885462555066,160,647,0.7527047913446677,67,0,0.0,44,867,0.9492502883506344,76,29,1.6206896551724137,1,13,0.9230769230769231,59,660,0.9106060606060606,0.8132957126144106,29062,29062,29062,14236,0
48,4385,4452,0.015049415992812176,15,2098,0.9928503336510963,1251,11558,0.8917632808444368,220,846,0.739952718676123,2157,237,8.10126582278481,1267,0,0.0,3461,2316,0.4943868739205526,7,0,0.0,1364,2288,0.40384615384615385,26,12,1.1666666666666665,52,0,0.0,32,0,0.0,11,3038,0.9963791968400263,11,976,0.9887295081967213,163,663,0.7541478129713424,70,0,0.0,48,868,0.9447004608294931,78,29,1.6896551724137931,1,13,0.9230769230769231,64,676,0.9053254437869822,0.8147322913202527,30070,30070,30070,14683,0
49,4515,4506,0.001997336884154377,17,2613,0.9934940681209338,1301,11638,0.8882110328235092,223,846,0.7364066193853428,2260,250,8.04,1310,0,0.0,3547,2364,0.5004230118443316,7,0,0.0,1404,2388,0.4120603015075377,27,15,0.8,55,0,0.0,32,0,0.0,11,3132,0.9964878671775224,11,1044,0.9894636015325671,172,679,0.7466863033873343,74,0,0.0,50,869,0.9424626006904488,81,29,1.793103448275862,1,13,0.9230769230769231,68,692,0.9017341040462428,0.817298410451123,31078,31078,31078,15166,0
50,4665,4559,0.02325071287563052,20,3129,0.9936081815276446,1334,11718,0.88615804744837,230,846,0.7281323877068557,2365,262,8.026717557251908,1341,0,0.0,3656,2412,0.5157545605306799,7,0,0.0,1439,2488,0.4216237942122186,31,18,0.7222222222222223,63,0,0.0,36,0,0.0,11,3226,0.9965902045877247,12,1112,0.9892086330935251,180,695,0.7410071942446044,77,0,0.0,53,870,0.9390804597701149,87,29,2.0,1,13,0.9230769230769231,72,707,0.8981612446958982,0.8259568632340107,32084,32084,32084,15680,0
51,4808,4613,0.04227184045089971,21,3644,0.9942371020856202,1370,11798,0.8838786234955077,238,846,0.718676122931442,2466,275,7.967272727272727,1386,0,0.0,3773,2460,0.5337398373983739,8,0,0.0,1474,2587,0.4302280633938925,34,21,0.6190476190476191,68,0,0.0,38,0,0.0,12,3320,0.9963855421686747,12,1180,0.9898305084745763,187,712,0.7373595505617978,79,0,0.0,55,871,0.9368541905855339,91,29,2.1379310344827585,1,13,0.9230769230769231,74,723,0.8976486860304288,0.8341290946452314,33092,33092,33092,16195,0
52,4952,4666,0.06129447063866267,22,4160,0.9947115384615385,1410,11878,0.8812931469944435,246,846,0.7092198581560284,2576,287,7.975609756097562,1428,0,0.0,3887,2509,0.5492227979274611,8,0,0.0,1509,2687,0.4384071455154447,34,24,0.41666666666666674,74,0,0.0,39,0,0.0,13,3414,0.9961921499707088,12,1249,0.9903923138510808,198,712,0.7219101123595506,85,0,0.0,58,873,0.9335624284077892,92,29,2.1724137931034484,1,13,0.9230769230769231,75,723,0.8962655601659751,0.841532139712357,34070,34070,34070,16719,0
53,5100,4720,0.0805084745762712,22,4676,0.995295124037639,1459,11958,0.8779896303729721,254,846,0.6997635933806147,2685,300,7.949999999999999,1471,0,0.0,3995,2557,0.5623777864685178,8,0,0.0,1539,2787,0.4477933261571583,41,27,0.5185185185185186,77,0,0.0,41,0,0.0,13,3508,0.9962941847206386,13,1317,0.9901290812452543,210,713,0.7054698457223001,89,0,0.0,59,874,0.9324942791762014,95,29,2.2758620689655173,1,13,0.9230769230769231,79,724,0.8908839779005525,0.8484122228879568,35049,35049,35049,17251,0
54,5251,4773,0.10014665828619318,23,5191,0.9955692544789058,1499,12038,0.8754776540953647,266,846,0.6855791962174941,2800,312,7.9743589743589745,1518,0,0.0,4105,2605,0.5758157389635317,8,0,0.0,1585,2887,0.4509871839279529,44,30,0.46666666666666656,79,0,0.0,42,0,0.0,13,3602,0.9963908939478068,13,1385,0.9906137184115523,220,713,0.6914446002805049,92,0,0.0,60,875,0.9314285714285714,99,29,2.413793103448276,1,13,0.9230769230769231,81,724,0.888121546961326,0.855064819698526,36023,36023,36023,17799,0
55,5407,4826,0.12038955656858685,25,5707,0.9956194147538111,1545,12118,0.8725037134840733,274,846,0.6761229314420804,2920,325,7.984615384615385,1569,0,0.0,4232,2653,0.5951752732755371,8,0,0.0,1627,2987,0.4553063274188148,45,33,0.36363636363636354,83,0,0.0,44,0,0.0,16,3696,0.9956709956709957,13,1453,0.9910529938059188,227,714,0.6820728291316527,100,0,0.0,65,876,0.9257990867579908,103,29,2.5517241379310347,1,13,0.9230769230769231,82,725,0.886896551724138,0.8622739925947948,37001,37001,37001,18386,0
56,5570,4880,0.14139344262295084,27,6222,0.9956605593056895,1582,12198,0.8703066076405968,280,846,0.6690307328605201,3015,337,7.946587537091988,1600,0,0.0,4364,2702,0.615099925980755,8,0,0.0,1667,3086,0.45981853532080363,47,36,0.3055555555555556,86,0,0.0,45,0,0.0,16,3790,0.995778364116095,13,1521,0.9914529914529915,236,714,0.669467787114846,103,0,0.0,69,877,0.9213226909920182,104,29,2.586206896551724,1,13,0.9230769230769231,83,725,0.8855172413793103,0.8683378976195492,37976,37976,37976,18916,0
57,5747,4933,0.16501114940198658,28,6738,0.99584446423271,1638,12278,0.8665906499429874,283,846,0.66548463356974,3151,350,8.002857142857144,1641,0,0.0,4463,2750,0.6229090909090909,9,0,0.0,1707,3186,0.46421845574387943,48,39,0.23076923076923084,86,0,0.0,49,0,0.0,17,3884,0.9956230690010298,14,1590,0.9911949685534591,240,715,0.6643356643356644,107,0,0.0,70,878,0.9202733485193622,111,30,2.7,1,13,0.9230769230769231,86,726,0.8815426997245179,0.8748331450867646,38956,38956,38956,19496,0
58,5919,4987,0.1868859033487067,28,7253,0.9961395284709775,1687,12358,0.8634892377407347,292,846,0.6548463356973995,3272,362,8.03867403314917,1671,0,0.0,4600,2798,0.6440314510364546,9,0,0.0,1744,3286,0.46926354230066947,51,42,0.2142857142857142,88,0,0.0,54,0,0.0,17,3978,0.9957264957264957,14,1658,0.991556091676719,252,716,0.6480446927374302,114,0,0.0,72,879,0.9180887372013652,117,30,2.9,1,13,0.9230769230769231,94,726,0.8705234159779615,0.881198036662326,39932,39932,39932,20096,0
59,6099,5040,0.21011904761904754,29,7769,0.9962672158578968,1748,12438,0.8594629361633703,297,846,0.648936170212766,3410,375,8.093333333333334,1727,0,0.0,4728,2846,0.6612789880534082,9,0,0.0,1791,3386,0.4710572947430597,55,45,0.22222222222222232,89,0,0.0,58,0,0.0,20,4072,0.9950884086444007,15,1726,0.9913093858632677,265,726,0.6349862258953167,118,0,0.0,74,880,0.9159090909090909,125,30,3.166666666666667,1,13,0.9230769230769231,99,736,0.8654891304347826,0.8877785379202502,40928,40928,40928,20757,0
60,6265,5094,0.22987828818217504,30,8285,0.996378998189499,1800,12518,0.8562070618309634,304,846,0.6406619385342789,3550,387,8.17312661498708,1780,0,0.0,4855,2895,0.6770293609671849,10,0,0.0,1848,3486,0.4698795180722891,56,49,0.1428571428571428,95,0,0.0,62,0,0.0,20,4166,0.9951992318771004,15,1794,0.9916387959866221,274,736,0.6277173913043479,126,0,0.0,78,881,0.9114642451759365,128,30,3.2666666666666666,1,13,0.9230769230769231,100,746,0.8659517426273459,0.8937890569097935,41926,41926,41926,21397,0
61,6503,9099,0.28530607759094406,30,8285,0.996378998189499,1836,12518,0.8533312030675827,315,1134,0.7222222222222222,3692,400,8.23,1833,0,0.0,5057,2943,0.7183146449201494,11,0,0.0,1905,4154,0.5414058738565238,60,49,0.22448979591836737,102,0,0.0,65,1,64.0,22,4252,0.9948259642521167,16,1862,0.99140708915145,281,746,0.6233243967828419,131,0,0.0,80,882,0.909297052154195,134,30,3.466666666666667,1,13,0.9230769230769231,104,756,0.8624338624338624,0.8545539427892369,47124,47124,47124,22178,0
62,6762,13104,0.4839743589743589,31,8286,0.9962587496982863,1892,12518,0.8488576449912126,323,1422,0.7728551336146273,3862,412,8.37378640776699,1886,0,0.0,5256,2991,0.7572718154463389,11,0,0.0,1988,4822,0.5877229365408544,62,49,0.26530612244897966,106,0,0.0,69,2,33.5,24,4339,0.9944687716063609,16,1931,0.9917141377524599,294,756,0.6111111111111112,139,0,0.0,83,883,0.9060022650056625,141,30,3.7,1,13,0.9230769230769231,107,766,0.860313315926893,0.8670399816527788,52324,52324,52324,23053,0
63,7014,17110,0.5900642898889539,35,8287,0.9957765174369494,1951,12518,0.8441444320178942,336,1710,0.8035087719298246,4072,425,8.581176470588236,1949,0,0.0,5500,3039,0.8098058571898652,12,0,0.0,2056,5490,0.6255009107468124,66,49,0.346938775510204,112,0,0.0,74,3,23.666666666666668,26,4426,0.9941256213285133,17,1999,0.991495747873937,297,766,0.6122715404699739,149,0,0.0,85,884,0.9038461538461539,148,30,3.9333333333333336,1,13,0.9230769230769231,111,776,0.856958762886598,0.879374185136897,57525,57525,57525,24011,0
64,7440,21115,0.6476438550793275,37,8288,0.9955357142857143,2012,12518,0.8392714491132769,347,1998,0.8263263263263263,4290,437,8.816933638443937,2060,0,0.0,5752,3088,0.8626943005181347,12,0,0.0,2155,6158,0.6500487171159468,71,49,0.44897959183673475,117,0,0.0,74,4,17.5,29,4513,0.9935741192111678,18,2067,0.9912917271407837,306,776,0.6056701030927836,154,0,0.0,86,885,0.9028248587570622,153,30,4.1,1,13,0.9230769230769231,119,786,0.8486005089058524,0.8870785173375847,62725,62725,62725,25233,0
65,7862,25120,0.6870222929936305,37,8289,0.995536252865243,2088,12518,0.8332001917239176,363,2287,0.8412767818102318,4499,450,8.997777777777777,2181,0,0.0,6035,3136,0.9244260204081634,12,0,0.0,2240,6826,0.6718429534134193,72,49,0.4693877551020409,120,0,0.0,77,5,14.4,32,4600,0.9930434782608696,19,2135,0.9911007025761124,313,786,0.6017811704834606,157,0,0.0,91,886,0.8972911963882618,161,30,4.366666666666666,1,13,0.9230769230769231,124,796,0.8442211055276382,0.8940611842298972,67926,67926,67926,26484,0
66,8318,29126,0.7144132390304195,37,8289,0.995536252865243,2170,12518,0.8266496245406615,387,2575,0.8497087378640776,4756,462,9.294372294372295,2286,0,0.0,6378,3184,1.0031407035175879,12,0,0.0,2333,7494,0.6886842807579396,74,49,0.510204081632653,126,0,0.0,83,6,12.833333333333334,37,4687,0.9921058246212929,22,2204,0.9900181488203267,324,796,0.592964824120603,162,0,0.0,93,887,0.895152198421646,166,30,4.533333333333333,1,13,0.9230769230769231,126,806,0.8436724565756824,0.9006235812159834,73126,73126,73126,27891,0
67,8808,33131,0.7341462678458242,37,8290,0.9955367913148372,2266,12518,0.8189806678383128,399,2863,0.8606356968215159,5030,475,9.589473684210526,2425,0,0.0,6731,3232,1.082611386138614,13,0,0.0,2455,8162,0.6992158784611615,78,49,0.5918367346938775,135,0,0.0,85,7,11.142857142857142,55,4774,0.988479262672811,22,2272,0.9903169014084507,333,806,0.586848635235732,168,0,0.0,100,889,0.8875140607424072,172,31,4.548387096774194,1,13,0.9230769230769231,130,816,0.8406862745098039,0.9060744561331835,78328,78328,78328,29443,0
68,9341,37136,0.7484651012494614,40,8291,0.9951754914968037,2378,12518,0.8100335516855728,420,3151,0.8667089812757854,5328,487,9.940451745379876,2554,0,0.0,7132,3281,1.1737275220969217,15,0,0.0,2585,8830,0.7072480181200453,79,49,0.6122448979591837,140,0,0.0,91,8,10.375,93,4861,0.98086813412878,22,2340,0.9905982905982906,344,816,0.5784313725490196,172,0,0.0,104,890,0.8831460674157303,179,31,4.774193548387097,1,13,0.9230769230769231,140,826,0.8305084745762712,0.9103294703572454,83528,83528,83528,31158,0
69,9858,41142,0.7603908414758641,42,8292,0.9949348769898697,2484,12518,0.8015657453267295,443,3439,0.8711834835708054,5650,534,9.58052434456929,2693,0,0.0,7511,3329,1.256233103033944,16,0,0.0,2733,9498,0.7122552116234997,86,49,0.7551020408163265,149,0,0.0,92,9,9.222222222222221,131,4948,0.9735246564268392,24,2408,0.9900332225913622,356,827,0.5695284159613059,178,0,0.0,107,891,0.8799102132435466,186,31,5.0,1,13,0.9230769230769231,146,835,0.8251497005988024,0.9136126539211158,88763,88763,88763,32886,0
70,10408,45147,0.7694641947416219,43,8293,0.9948149041360184,2621,12518,0.7906215050327529,461,3727,0.8763080225382345,6005,581,9.335628227194492,2851,0,0.0,7923,3377,1.3461652354160498,16,0,0.0,2882,10166,0.7165060003934685,90,49,0.8367346938775511,161,0,0.0,95,10,8.5,210,5035,0.958291956305859,25,2476,0.9899030694668821,372,837,0.5555555555555556,182,0,0.0,110,892,0.8766816143497758,192,31,5.193548387096774,1,13,0.9230769230769231,155,845,0.8165680473372781,0.916284562273264,93997,93997,93997,34803,0
71,10967,49153,0.7768803531829187,44,8294,0.9946949602122016,2762,12518,0.7793577248761783,490,4016,0.8779880478087649,6371,627,9.161084529505581,3017,0,0.0,8339,3425,1.4347445255474454,16,0,0.0,3034,10834,0.7199556950341517,93,49,0.8979591836734695,168,0,0.0,99,11,8.0,281,5122,0.9451386177274502,25,2545,0.9901768172888016,387,847,0.5430932703659976,189,0,0.0,114,893,0.8723404255319149,201,31,5.483870967741935,1,13,0.9230769230769231,159,855,0.8140350877192982,0.9188072516199248,99233,99233,99233,36757,0
72,11491,49153,0.7662197627815189,46,8294,0.994453822040029,2894,12518,0.768812909410449,524,4304,0.8782527881040892,6744,674,9.00593471810089,3170,0,0.0,8704,3474,1.5054691997697178,18,0,0.0,3187,10882,0.7071310420878515,96,49,0.9591836734693877,174,0,0.0,106,12,7.833333333333334,376,5208,0.9278033794162827,26,2613,0.9900497512437811,400,857,0.5332555425904317,196,0,0.0,119,894,0.8668903803131991,207,31,5.67741935483871,1,13,0.9230769230769231,163,865,0.8115606936416185,0.9169479472361054,99841,99841,99841,38642,0
73,11981,49153,0.7562508900779199,48,8295,0.9942133815551537,3056,12518,0.7558715449752357,552,4592,0.8797909407665505,7075,720,8.82638888888889,3315,0,0.0,9119,3522,1.589153889835321,18,0,0.0,3362,10931,0.692434360991675,99,49,1.020408163265306,183,0,0.0,114,13,7.76923076923077,465,5295,0.9121813031161473,27,2681,0.989929130921298,418,867,0.5178777393310265,202,0,0.0,122,895,0.8636871508379889,219,31,6.064516129032258,1,13,0.9230769230769231,174,875,0.8011428571428572,0.9150622200099552,100450,100450,100450,40550,0
74,12482,49153,0.7460582263544443,48,8296,0.9942140790742526,3193,12518,0.744927304681259,580,4880,0.8811475409836066,7455,764,8.757853403141361,3458,0,0.0,9486,3570,1.657142857142857,18,0,0.0,3513,10980,0.6800546448087432,101,49,1.0612244897959182,196,0,0.0,121,14,7.642857142857142,561,5382,0.8957636566332219,28,2749,0.9898144779919971,440,877,0.49828962371721774,211,0,0.0,123,896,0.8627232142857143,232,31,6.483870967741935,1,13,0.9230769230769231,182,885,0.7943502824858757,0.9136230048388533,101057,101057,101057,42429,0
75,12890,49153,0.7377576139808353,51,8297,0.9938531999517898,3329,12518,0.7340629493529318,619,5168,0.8802244582043344,7832,807,8.705080545229244,3591,0,0.0,9835,3618,1.718352681039248,19,0,0.0,3679,11028,0.6663946318462097,105,49,1.1428571428571428,204,0,0.0,124,15,7.2666666666666675,645,5469,0.882062534284147,31,2817,0.9889953851615193,462,887,0.47914317925591887,226,0,0.0,127,897,0.8584169453734671,240,31,6.741935483870968,2,13,0.8461538461538461,187,895,0.7910614525139665,0.9125927091735359,101662,101662,101662,44198,0
76,13255,49153,0.7303318210485626,52,8298,0.9937334297421065,3480,12518,0.7220003195398625,650,5456,0.8808651026392962,8222,850,8.672941176470589,3714,0,0.0,10167,3667,1.7725661303517861,19,0,0.0,3831,11077,0.6541482350817008,109,49,1.2244897959183674,214,0,0.0,126,16,6.875,739,5556,0.8669906407487401,31,2886,0.9892584892584892,488,897,0.4559643255295429,241,0,0.0,130,898,0.8552338530066815,250,31,7.064516129032258,2,13,0.8461538461538461,196,905,0.7834254143646409,0.9118216485772954,102270,102270,102270,45916,0
77,13641,49153,0.7224787907147072,56,8299,0.9932521990601277,3629,12518,0.7100974596580923,673,5745,0.8828546562228025,8602,893,8.632698768197088,3834,0,0.0,10474,3715,1.8193808882907132,20,0,0.0,3960,11126,0.6440769369045479,120,49,1.4489795918367347,227,0,0.0,135,17,6.9411764705882355,827,5643,0.8534467481835903,32,2954,0.989167230873392,508,907,0.4399117971334069,256,0,0.0,135,899,0.8498331479421579,262,32,7.1875,2,13,0.8461538461538461,206,915,0.7748633879781421,0.9110499815315227,102878,102878,102878,47599,0
78,13996,49153,0.7152564441641405,62,8299,0.9925292203879985,3768,12518,0.6989934494328167,702,6033,0.8836399801093984,9302,936,8.938034188034187,3957,0,0.0,10795,3763,1.8687217645495617,21,0,0.0,4112,11174,0.6320028637909433,126,49,1.5714285714285716,243,0,0.0,140,18,6.777777777777778,917,5730,0.8399650959860384,33,3022,0.9890800794176042,544,917,0.40676117775354415,271,0,0.0,140,900,0.8444444444444444,276,32,7.625,2,13,0.8461538461538461,214,925,0.7686486486486487,0.9134632109932163,103482,103482,103482,49621,0
79,14377,49153,0.707505137021138,64,8300,0.9922891566265061,3894,12518,0.6889279437609842,722,6321,0.8857775668406898,9740,979,8.948927477017365,4056,0,0.0,11065,3811,1.9034374180005247,21,0,0.0,4236,11223,0.6225608126169473,129,49,1.6326530612244898,262,0,0.0,145,19,6.631578947368421,1023,5817,0.8241361526560083,37,3090,0.9880258899676375,567,928,0.38900862068965514,286,0,0.0,145,901,0.8390677025527192,285,32,7.90625,2,13,0.8461538461538461,229,935,0.7550802139037434,0.912699708902958,104089,104089,104089,51285,0
80,14674,49153,0.7014627794844669,67,8301,0.9919286832911698,4037,12518,0.6775043936731107,752,6609,0.8862157663791799,10120,1023,8.89247311827957,4154,0,0.0,11314,3860,1.9310880829015544,21,0,0.0,4357,11272,0.6134669978708304,134,49,1.7346938775510203,274,0,0.0,148,20,6.4,1106,5904,0.8126693766937669,40,3158,0.987333755541482,603,928,0.35021551724137934,305,0,0.0,147,902,0.8370288248337029,297,32,8.28125,3,17,0.8235294117647058,242,935,0.7411764705882353,0.911836914053171,104681,104681,104681,52795,0
81,14998,49153,0.6948711167171893,70,8302,0.9915682967959528,4151,12518,0.6683975075890718,776,6897,0.8874873133246339,10444,1066,8.797373358348969,4257,0,0.0,11568,3908,1.960081883316274,22,0,0.0,4464,11321,0.6056885434148926,141,49,1.8775510204081631,294,0,0.0,154,21,6.333333333333333,1177,5991,0.8035386412952763,43,3227,0.986674930275798,633,928,0.31788793103448276,316,0,0.0,153,904,0.8307522123893805,305,32,8.53125,5,21,0.7619047619047619,255,935,0.7272727272727273,0.9109363274533832,105273,105273,105273,54226,0
82,15307,49153,0.6885846235224706,73,8303,0.9912079971094785,4274,12518,0.6585716568141875,799,7185,0.8887961029923451,10778,1109,8.718665464382326,4368,0,0.0,11804,3956,1.9838220424671387,24,0,0.0,4575,11369,0.5975899375494766,148,49,2.020408163265306,307,0,0.0,155,22,6.045454545454546,1260,6078,0.7926949654491608,45,3295,0.9863429438543247,675,928,0.2726293103448276,331,0,0.0,156,905,0.8276243093922652,324,32,9.125,6,24,0.75,264,935,0.7176470588235294,0.9099668433134015,105861,105861,105861,55673,0
83,15616,49153,0.6822981303277521,75,8304,0.9909682080924855,4391,12518,0.6492251158332002,813,7474,0.8912229060743913,11082,1152,8.619791666666666,4474,0,0.0,12041,4004,2.007242757242757,24,0,0.0,4671,11418,0.5909090909090908,158,49,2.2244897959183674,322,0,0.0,158,24,5.583333333333333,1334,6165,0.7836171938361719,49,3363,0.9854296758846268,711,928,0.2338362068965517,347,0,0.0,164,906,0.8189845474613686,343,32,9.71875,7,28,0.75,278,935,0.7026737967914438,0.9090490639061369,106453,106453,106453,57058,0
84,15915,49153,0.6762150835147397,79,8304,0.9904865125240848,4501,12518,0.6404377696117591,832,7762,0.892811131151765,11351,1195,8.498744769874477,4567,0,0.0,12236,4053,2.0189982728842835,25,0,0.0,4775,11467,0.583587686404465,165,49,2.36734693877551,333,0,0.0,166,25,5.64,1423,6251,0.7723564229723244,50,3431,0.985426989215972,747,928,0.1950431034482759,357,0,0.0,170,907,0.8125689084895259,361,32,10.28125,7,32,0.78125,292,935,0.6877005347593583,0.9071579380056426,107042,107042,107042,58352,0
85,16216,49153,0.670091347425386,83,8305,0.9900060204695966,4615,12518,0.63133088352772,859,8050,0.8932919254658385,11625,1238,8.390145395799676,4678,0,0.0,12442,4101,2.033894172153133,25,0,0.0,4885,11515,0.5757707338254451,171,49,2.489795918367347,346,0,0.0,172,26,5.615384615384615,1494,6338,0.7642789523508994,51,3499,0.9854244069734209,784,928,0.15517241379310343,377,0,0.0,180,908,0.801762114537445,383,32,10.96875,7,36,0.8055555555555556,307,935,0.6716577540106952,0.9056591502448179,107631,107631,107631,59700,0
86,16455,49153,0.6652289789026102,85,8306,0.9897664339032025,4741,12518,0.6212653778558875,877,8338,0.8948189014152075,11903,1282,8.284711388455538,4765,0,0.0,12645,4149,2.0477223427331888,26,0,0.0,5005,11564,0.5671912832929782,182,49,2.7142857142857144,364,0,0.0,181,27,5.703703703703703,1568,6425,0.755953307392996,56,3568,0.984304932735426,835,928,0.10021551724137934,397,0,0.0,195,909,0.7854785478547854,407,32,11.71875,7,39,0.8205128205128205,326,935,0.651336898395722,0.9042893311895918,108222,108222,108222,61020,0
87,16733,49153,0.6595731694911806,87,8307,0.9895269050198627,4860,12518,0.6117590669436013,890,8626,0.8968235566890795,12146,1325,8.166792452830189,4851,0,0.0,12854,4197,2.062663807481534,26,0,0.0,5105,11613,0.5604064410574356,190,49,2.877551020408163,386,0,0.0,183,28,5.535714285714286,1648,6512,0.7469287469287469,59,3636,0.9837733773377337,873,928,0.05926724137931039,412,0,0.0,201,910,0.7791208791208791,427,33,11.93939393939394,7,39,0.8205128205128205,349,935,0.6267379679144385,0.902572397503883,108809,108809,108809,62287,0
88,16995,49153,0.6542428742904807,90,8308,0.9891670678863745,4961,12518,0.6036906854130053,911,8914,0.8978012115772942,12379,1368,8.048976608187134,4935,0,0.0,13060,4246,2.075836081017428,27,0,0.0,5207,11661,0.5534688277163193,197,49,3.020408163265306,403,0,0.0,189,29,5.517241379310345,1708,6599,0.741172904985604,61,3704,0.9835313174946004,909,928,0.020474137931034475,431,0,0.0,208,911,0.7716794731064764,447,33,12.545454545454545,8,39,0.7948717948717949,364,935,0.6106951871657754,0.9012386306503953,109395,109395,109395,63490,0
89,17228,49153,0.6495025735967286,99,8308,0.9880837746750121,5070,12518,0.5949832241572136,928,9203,0.899163316309899,12598,1411,7.928419560595323,5028,0,0.0,13240,4294,2.0833721471821147,27,0,0.0,5303,11710,0.547139197267293,206,49,3.204081632653061,422,0,0.0,199,30,5.633333333333334,1742,6686,0.7394555788214179,62,3772,0.9835630965005302,954,929,0.026910656620021456,451,0,0.0,221,912,0.7576754385964912,469,33,13.212121212121213,8,39,0.7948717948717949,384,935,0.5893048128342246,0.90050190031096,109982,109982,109982,64639,0
90,17462,49153,0.6447419282648058,105,8309,0.987363100252738,5171,12518,0.5869148426266177,949,9491,0.900010536297545,12811,1521,7.422748191978961,5098,0,0.0,13411,4342,2.0886688162137266,27,0,0.0,5374,11759,0.5429883493494345,216,49,3.408163265306122,449,0,0.0,205,31,5.612903225806452,1803,6773,0.7337959545253212,64,3840,0.9833333333333333,992,929,0.06781485468245418,477,0,0.0,231,913,0.7469879518072289,491,33,13.878787878787879,9,39,0.7692307692307692,398,935,0.574331550802139,0.8987752519546256,110635,110635,110635,65743,0
91,17722,49153,0.6394523223404471,114,8310,0.9862815884476535,5259,12518,0.5798849656494648,963,9779,0.9015236731772165,13022,1631,6.98405885959534,5181,0,0.0,13595,4391,2.0961056706900476,30,0,0.0,5461,11808,0.5375169376693767,225,49,3.591836734693878,474,0,0.0,212,32,5.625,1882,6860,0.7256559766763848,70,3909,0.9820926068048094,1046,930,0.12473118279569895,500,0,0.0,244,914,0.7330415754923414,512,33,14.515151515151516,10,39,0.7435897435897436,418,935,0.5529411764705883,0.8968649756044963,111291,111291,111291,66940,0
92,17953,49370,0.636358112213895,116,8311,0.9860425941523282,5360,12518,0.5718165841188688,978,9779,0.899989774005522,13226,1664,6.9483173076923075,5258,0,0.0,13744,4439,2.096192836224375,29,0,0.0,5535,12224,0.5472022251308901,236,49,3.816326530612245,499,0,0.0,226,33,5.848484848484849,1947,6947,0.7197351374694112,71,3977,0.9821473472466683,1088,930,0.1698924731182796,521,0,0.0,251,915,0.7256830601092896,536,33,15.242424242424242,10,39,0.7435897435897436,436,935,0.5336898395721925,0.8966682417553026,112163,112163,112163,68020,0
93,18190,49587,0.6331699840684051,124,8312,0.9850818094321463,5448,12518,0.5647867071417159,995,9779,0.8982513549442683,13401,1697,6.896876841484973,5340,0,0.0,13920,4487,2.102295520392244,33,0,0.0,5613,12640,0.5559335443037975,248,49,4.061224489795919,529,0,0.0,238,34,6.0,2014,7034,0.7136764287745238,74,4045,0.9817058096415328,1139,930,0.22473118279569881,547,0,0.0,271,916,0.7041484716157205,547,33,15.575757575757574,11,39,0.717948717948718,458,935,0.5101604278074866,0.8963506878400496,113035,113035,113035,69140,0
94,18455,49804,0.629447433941049,131,8313,0.9842415493804884,5546,12518,0.5569579805080684,1015,9779,0.8962061560486757,13600,1729,6.865818392134182,5422,0,0.0,14111,4535,2.111576626240353,34,0,0.0,5681,13057,0.5649077123382094,257,49,4.244897959183674,544,0,0.0,247,35,6.057142857142857,2083,7121,0.7074849038056452,73,4113,0.9822513980063214,1190,931,0.27819548872180455,578,0,0.0,284,917,0.6902944383860414,574,33,16.393939393939394,11,39,0.717948717948718,480,935,0.4866310160427807,0.8961793728271938,113908,113908,113908,70316,0
95,18673,50021,0.6266967873493132,138,8313,0.9833994947672321,5663,12518,0.547611439527081,1036,9779,0.8940586972083036,13778,1757,6.841775754126352,5521,0,0.0,14291,4584,2.117582897033159,35,0,0.0,5755,13473,0.5728494025087212,270,49,4.510204081632653,562,0,0.0,255,36,6.083333333333333,2150,7207,0.7016789232690439,75,4182,0.9820659971305595,1248,931,0.3404940923737916,603,0,0.0,295,918,0.6786492374727668,596,33,17.060606060606062,11,39,0.717948717948718,503,935,0.46203208556149733,0.8961446307993901,114775,114775,114775,71458,0
96,18867,50239,0.624455104600012,147,8314,0.9823189800336781,5766,12518,0.5393832880651861,1048,9779,0.8928315778709479,13969,1784,6.830156950672646,5587,0,0.0,14442,4632,2.1178756476683938,38,0,0.0,5832,13889,0.5800993592051263,280,49,4.714285714285714,595,0,0.0,260,37,6.027027027027027,2209,7294,0.6971483411022759,78,4250,0.9816470588235294,1307,932,0.4023605150214593,628,0,0.0,313,920,0.6597826086956522,621,33,17.818181818181817,11,39,0.717948717948718,530,935,0.4331550802139037,0.8961640897928125,115644,115644,115644,72528,0
97,19087,50456,0.6217100047566196,148,8315,0.9822008418520746,5853,12518,0.5324332960536826,1055,9779,0.8921157582574906,14148,1811,6.81225842076201,5667,0,0.0,14612,4680,2.1222222222222222,40,0,0.0,5900,14306,0.587585628407661,288,49,4.877551020408164,623,0,0.0,266,38,6.0,2270,7381,0.6924535970735672,83,4318,0.9807781380268643,1354,952,0.42226890756302526,660,113,4.84070796460177,328,921,0.6438653637350706,638,35,17.228571428571428,11,39,0.717948717948718,542,1193,0.5456831517183571,0.8944689659891877,116904,116904,116904,73573,0
98,19292,50673,0.6192844315513193,153,8316,0.9816017316017316,5950,12518,0.5246844543856846,1070,9779,0.8905818590857961,14352,1839,6.804241435562806,5744,0,0.0,14792,4728,2.1285956006768187,42,0,0.0,5968,14722,0.5946202961554137,298,49,5.081632653061225,642,0,0.0,273,39,6.0,2344,7468,0.6861274772362078,86,4386,0.9803921568627451,1391,972,0.4310699588477367,672,227,1.960352422907489,341,922,0.6301518438177874,659,36,17.305555555555557,12,40,0.7,562,1451,0.6126809097174363,0.8925824059577709,118165,118165,118165,74643,0
99,19524,50890,0.6163489880133621,158,8317,0.9810027654202237,6056,12518,0.5162166480268413,1086,9779,0.888945699969322,14535,1866,6.789389067524116,5818,0,0.0,14975,4777,2.1348126439187776,44,0,0.0,6039,15138,0.6010701545778835,309,49,5.3061224489795915,669,0,0.0,284,40,6.1,2412,7555,0.6807412309728657,86,4454,0.9806915132465199,1455,993,0.46525679758308147,698,341,1.0469208211143695,362,923,0.6078006500541712,687,37,17.56756756756757,12,40,0.7,576,1709,0.66296079578701,0.8907859260127611,119426,119426,119426,75785,0
100,19750,51108,0.6135634342960006,168,8318,0.9798028372204857,6134,12518,0.509985620706183,1099,9779,0.8876163206871869,14720,1893,6.776016904384575,5893,0,0.0,15133,4825,2.1363730569948185,44,0,0.0,6130,15555,0.6059144969463195,325,49,5.63265306122449,693,0,0.0,289,41,6.048780487804878,2473,7642,0.6763936142371108,88,4523,0.980543886800796,1500,1013,0.48075024679170775,719,455,0.5802197802197802,374,924,0.5952380952380952,705,38,17.55263157894737,13,40,0.675,593,1967,0.6985256736146416,0.888729616863317,120688,120688,120688,76843,0
101,19959,51325,0.6111251826595226,172,8318,0.979321952392402,6219,12518,0.5031953986259786,1108,9779,0.8866959811841701,14931,1920,6.7765625,5958,0,0.0,15318,4873,2.143443463985225,45,0,0.0,6198,15971,0.6119216079143448,335,49,5.836734693877551,712,0,0.0,299,42,6.119047619047619,2531,7729,0.6725320222538491,94,4591,0.979525157917665,1545,1034,0.4941972920696325,749,569,0.31634446397188043,384,925,0.5848648648648649,724,40,17.1,13,41,0.6829268292682926,609,2226,0.7264150943396226,0.8874538745387454,121950,121950,121950,77903,0
102,20187,51542,0.6083388304683559,176,8319,0.9788436110109389,6322,12518,0.4949672471640837,1122,9779,0.8852643419572553,15115,1948,6.759240246406571,6034,0,0.0,15516,4921,2.1530176793334688,45,0,0.0,6287,16388,0.6163656333902856,342,49,5.979591836734694,731,0,0.0,314,43,6.3023255813953485,2596,7816,0.6678607983623337,98,4659,0.9789654432281606,1600,1054,0.5180265654648957,779,683,0.14055636896046853,398,926,0.5701943844492441,752,41,17.341463414634145,14,41,0.6585365853658536,630,2484,0.7463768115942029,0.885724488884921,123211,123211,123211,79058,0
103,20426,51759,0.6053633184566936,181,8320,0.9782451923076924,6425,12518,0.4867390957021889,1133,9779,0.8841394825646794,15302,1961,6.803161652218256,6104,0,0.0,15690,4970,2.1569416498993963,47,0,0.0,6357,16804,0.6216972149488217,352,49,6.183673469387755,768,0,0.0,332,44,6.545454545454546,2641,7903,0.665823105149943,100,4727,0.9788449333615401,1665,1075,0.5488372093023255,802,796,0.007537688442211143,410,927,0.557713052858684,768,42,17.285714285714285,15,41,0.6341463414634146,651,2742,0.762582056892779,0.8844339812143953,124457,124457,124457,80169,0
104,20633,51977,0.6030359582122862,189,8321,0.9772863838480952,6514,12518,0.47962933375938643,1150,9779,0.8824010635034257,15474,1974,6.838905775075988,6172,0,0.0,15864,5018,2.16141889198884,50,0,0.0,6456,17220,0.6250871080139373,366,49,6.469387755102041,790,0,0.0,346,45,6.688888888888889,2713,7990,0.660450563204005,104,4795,0.978310740354536,1718,1095,0.5689497716894978,828,910,0.09010989010989012,425,928,0.5420258620689655,794,43,17.46511627906977,15,41,0.6341463414634146,668,3000,0.7773333333333333,0.8840998225977105,125703,125703,125703,81269,0
105,20849,52194,0.6005479557037208,197,8322,0.9763278058159096,6619,12518,0.47124141236619266,1165,9779,0.8808671643317313,15648,1988,6.871227364185111,6235,0,0.0,16042,5066,2.1666008685353337,51,0,0.0,6530,17637,0.6297556273742699,378,49,6.714285714285714,816,0,0.0,359,46,6.804347826086956,2770,8077,0.6570508852296645,111,4864,0.9771792763157895,1772,1116,0.5878136200716846,859,1024,0.1611328125,437,929,0.5296017222820237,809,45,16.977777777777778,16,42,0.6190476190476191,701,3258,0.7848373235113566,0.8837059092269641,126954,126954,126954,82364,0
106,21068,52411,0.5980233157161665,202,8323,0.9757299050823021,6709,12518,0.46405176545774085,1177,9779,0.8796400449943758,15842,2001,6.917041479260369,6299,0,0.0,16212,5114,2.1701212358232302,52,0,0.0,6588,18053,0.6350745028527114,390,49,6.959183673469388,847,0,0.0,365,48,6.604166666666667,2831,8164,0.653233708966193,114,4932,0.9768856447688564,1825,1136,0.6065140845070423,897,1138,0.21177504393673108,452,930,0.5139784946236559,836,46,17.17391304347826,16,42,0.6190476190476191,722,3517,0.794711401762866,0.883807458600167,128201,128201,128201,83444,0
107,21287,52628,0.5955194953256822,208,8308,0.9749638902262879,6793,12518,0.4573414283431858,1188,9779,0.8785151856017998,16042,2015,6.961290322580645,6366,0,0.0,16375,5163,2.1716056556265735,56,0,0.0,6668,18469,0.6389625859548432,398,49,7.122448979591837,868,4,216.0,381,48,6.9375,2896,8288,0.6505791505791505,115,5000,0.977,1888,1157,0.6318063958513396,920,1252,0.26517571884984026,463,931,0.5026852846401719,866,47,17.425531914893618,18,42,0.5714285714285714,737,3775,0.8047682119205298,0.8839989804824172,129473,129473,129473,84533,0
108,21523,52845,0.5927145425300406,216,8293,0.9739539370553478,6899,12518,0.44887362198434255,1198,9779,0.8774925861540035,16234,2028,7.004930966469429,6431,0,0.0,16545,5211,2.175014392630973,59,0,0.0,6742,18886,0.6430159906809276,408,49,7.326530612244898,896,8,111.0,394,48,7.208333333333334,2945,8413,0.6499465113514798,117,5068,0.9769139700078927,1947,1177,0.6542056074766356,952,1366,0.30307467057101023,477,932,0.4881974248927039,892,48,17.583333333333332,20,42,0.5238095238095238,755,4033,0.8127944458219687,0.8839258398090926,130744,130744,130744,85650,0
109,21732,53063,0.5904490888189511,222,8279,0.9731851672907356,7005,12518,0.4404058156254993,1214,9779,0.8758564270375294,16408,2041,7.039196472317492,6497,0,0.0,16704,5259,2.176269252709641,63,0,0.0,6815,19302,0.6469277795047146,419,49,7.551020408163266,917,13,69.53846153846153,415,48,7.645833333333334,3009,8538,0.6475755446240337,117,5136,0.9772196261682243,1999,1198,0.6686143572621035,992,1480,0.3297297297297297,485,933,0.4801714898177921,922,49,17.816326530612244,21,43,0.5116279069767442,791,4291,0.8156606851549755,0.8835546398624441,132019,132019,132019,86747,0
110,21924,53280,0.5885135135135136,228,8264,0.9724104549854792,7093,12518,0.43337593864834634,1222,9779,0.8750383474792923,16587,2045,7.111002444987776,6564,0,0.0,16860,5307,2.176936122102883,65,0,0.0,6887,19718,0.6507252256821179,438,49,7.938775510204081,949,17,54.8235294117647,424,48,7.833333333333334,3069,8662,0.6456938351419995,122,5205,0.9765609990393852,2051,1218,0.6839080459770115,1021,1593,0.35907093534212176,500,935,0.4652406417112299,948,51,17.58823529411765,23,43,0.4651162790697675,812,4549,0.8214992306001319,0.883816898132517,133281,133281,133281,87787,0
111,22152,53497,0.5859207058339719,232,8250,0.9718787878787879,7178,12518,0.4265857165681419,1231,9779,0.8741180079762757,16739,2048,7.17333984375,6623,0,0.0,17013,5356,2.176437640029873,70,0,0.0,6961,20135,0.6542835857958778,443,49,8.040816326530612,972,22,43.18181818181818,435,48,8.0625,3134,8787,0.6433367474678502,128,5273,0.9757253935141286,2111,1239,0.7037933817594835,1050,1707,0.38488576449912126,518,936,0.44658119658119655,971,52,17.673076923076923,23,43,0.4651162790697675,839,4808,0.8254991680532446,0.8833344481853924,134547,134547,134547,88823,0
112,22383,53714,0.5832929962393417,240,8235,0.970856102003643,7272,12518,0.4190765297970922,1247,9779,0.8724818488598016,16885,2051,7.232569478303267,6696,0,0.0,17183,5404,2.179681717246484,73,0,0.0,7044,20551,0.6572429565471267,454,49,8.26530612244898,992,26,37.15384615384615,448,48,8.333333333333334,3193,8912,0.6417190305206464,133,5341,0.9750982961992136,2176,1259,0.7283558379666402,1082,1821,0.4058209774848984,527,937,0.4375667022411953,1002,53,17.90566037735849,23,43,0.4651162790697675,873,5066,0.8276746940386893,0.883010448651395,135807,135807,135807,89926,0
113,22581,53932,0.5813060891492992,246,8220,0.9700729927007299,7368,12518,0.4114075730947435,1259,9779,0.8712547295224461,17025,2055,7.2846715328467155,6759,0,0.0,17354,5452,2.1830520909757887,75,0,0.0,7130,20968,0.6599580312857688,471,49,8.612244897959183,1016,30,32.86666666666667,463,48,8.645833333333334,3258,9037,0.6394821290251189,135,5409,0.9750415973377704,2235,1280,0.74609375,1103,1935,0.4299741602067183,542,938,0.42217484008528783,1035,54,18.166666666666668,24,44,0.4545454545454546,901,5324,0.8307663410969196,0.8829082525971752,137072,137072,137072,90980,0
114,22803,54149,0.5788841899204048,254,8206,0.9690470387521326,7455,12518,0.40445758108324015,1265,9779,0.8706411698537683,17164,2058,7.3401360544217695,6836,0,0.0,17514,5500,2.1843636363636363,78,0,0.0,7201,21384,0.6632528993640106,486,49,8.918367346938776,1031,35,28.457142857142856,477,48,8.9375,3319,9161,0.6377033074991814,141,5477,0.974255979550849,2302,1300,0.7707692307692309,1125,2049,0.45095168374816985,556,939,0.40788072417465393,1059,56,17.910714285714285,25,44,0.43181818181818177,925,5582,0.8342887853815837,0.8827909263087889,138334,138334,138334,92016,0
115,23067,54366,0.5757090828826841,263,8191,0.9678915883286534,7548,12518,0.3970282792778399,1270,9779,0.8701298701298701,17263,2061,7.3760310528869475,6897,0,0.0,17682,5549,2.1865200937105786,80,0,0.0,7274,21800,0.6663302752293578,494,49,9.081632653061224,1061,39,26.205128205128204,486,48,9.125,3394,9286,0.6345035537368081,143,5546,0.9742156509195817,2350,1321,0.7789553368660107,1149,2163,0.46879334257975036,575,940,0.38829787234042556,1095,57,18.210526315789473,26,44,0.40909090909090906,957,5840,0.8361301369863013,0.8817596366684097,139597,139597,139597,93074,0
116,23317,54583,0.5728157118516755,273,8177,0.9666136724960255,7652,12518,0.3887202428502956,1283,9779,0.8688004908477349,17380,2065,7.416464891041162,6971,0,0.0,17827,5597,2.185099160264427,82,0,0.0,7347,22217,0.669307287212495,505,49,9.306122448979592,1090,44,23.772727272727273,502,48,9.458333333333334,3451,9411,0.6333014557432791,144,5614,0.974349839686498,2405,1341,0.7934377330350484,1174,2277,0.484409310496267,589,941,0.3740701381509033,1126,58,18.413793103448278,28,44,0.36363636363636365,982,6098,0.8389635946211873,0.881045853713945,140861,140861,140861,94128,0
117,23536,54801,0.5705187861535373,283,8162,0.9653271257044842,7747,12518,0.3811311711135964,1294,9779,0.867675631455159,17473,2068,7.449226305609285,7042,0,0.0,18003,5645,2.1891939769707704,87,0,0.0,7425,22633,0.6719392038174348,513,49,9.46938775510204,1119,48,22.3125,513,48,9.6875,3526,9536,0.630243288590604,149,5682,0.9737768391411474,2468,1362,0.8120411160058738,1212,2390,0.492887029288703,614,942,0.34819532908704887,1158,59,18.627118644067796,28,45,0.37777777777777777,1001,6357,0.8425357873210634,0.8804072500070361,142124,142124,142124,95191,0
118,23756,55018,0.5682140390417681,294,8147,0.9639130968454646,7840,12518,0.37370186930819616,1305,9779,0.8665507720625831,17538,2071,7.468372766779334,7109,0,0.0,18157,5693,2.1893553486738098,92,0,0.0,7491,23049,0.674996746062736,523,49,9.673469387755102,1152,52,21.153846153846153,525,48,9.9375,3569,9660,0.6305383022774327,153,5750,0.9733913043478261,2545,1382,0.841534008683068,1235,2504,0.5067891373801917,622,943,0.3404029692470838,1190,61,18.508196721311474,30,45,0.33333333333333337,1030,6615,0.8442932728647015,0.8800005579423088,143384,143384,143384,96156,0
119,23955,55235,0.5663075948221237,301,8133,0.9629902864871511,7944,12518,0.36539383288065186,1316,9779,0.8654259126700071,17589,2074,7.480713596914175,7182,0,0.0,18313,5742,2.189306861720655,92,0,0.0,7555,23466,0.6780448308190574,537,49,9.959183673469388,1184,57,19.771929824561404,531,48,10.0625,3634,9785,0.6286152273888606,162,5818,0.9721553798556205,2622,1403,0.8688524590163935,1277,2618,0.5122230710466005,637,944,0.3252118644067796,1230,62,18.838709677419356,30,45,0.33333333333333337,1046,6873,0.8478102720791503,0.8793838878941438,144649,144649,144649,97137,0
120,24150,55452,0.5644882060160139,308,8118,0.962059620596206,8034,12518,0.35820418597220005,1331,9779,0.8638920134983127,17676,2078,7.506256015399423,7246,0,0.0,18457,5790,2.1877374784110537,93,0,0.0,7643,23882,0.6799681768696089,547,49,10.16326530612245,1205,61,18.75409836065574,551,48,10.479166666666666,3693,9910,0.6273461150353179,168,5887,0.9714625445897741,2689,1423,0.8896697118763177,1303,2732,0.5230600292825769,656,945,0.30582010582010577,1254,63,18.904761904761905,31,45,0.3111111111111111,1081,7131,0.848408357874071,0.8786657620056062,145911,145911,145911,98116,0
121,24371,55670,0.562223818932998,316,8104,0.9610069101678184,8122,12518,0.3511743089950471,1343,9779,0.8626648941609572,17730,2081,7.519942335415665,7302,0,0.0,18609,5838,2.1875642343268242,97,0,0.0,7728,24299,0.6819622206675171,557,49,10.36734693877551,1236,66,17.727272727272727,563,48,10.729166666666666,3769,10035,0.6244145490782262,174,5955,0.9707808564231738,2770,1444,0.9182825484764543,1348,2846,0.5263527758257203,668,946,0.2938689217758985,1286,64,19.09375,32,46,0.30434782608695654,1108,7389,0.8500473677087562,0.8776371308016878,147177,147177,147177,99129,0
122,24585,55884,0.5600708610693579,325,8132,0.9600344318740777,8215,12527,0.3442164923764668,1358,10212,0.8670191931061496,17780,2090,7.507177033492823,7379,0,0.0,18780,5886,2.1906218144750254,98,0,0.0,7809,24880,0.6861334405144695,574,49,10.714285714285714,1271,72,16.65277777777778,582,100,4.82,3848,10162,0.6213343829954734,178,6023,0.9704466212850739,2837,1464,0.9378415300546448,1387,2960,0.5314189189189189,686,947,0.2756071805702217,1314,66,18.90909090909091,33,46,0.28260869565217395,1137,7648,0.8513336820083682,0.8766326065384719,149148,149148,149148,100176,0
123,24803,56098,0.557863025419801,336,8160,0.9588235294117647,8295,12536,0.33830567964262925,1381,10644,0.8702555430289365,17817,2098,7.492373689227836,7442,0,0.0,18925,5935,2.1887110362257793,100,0,0.0,7885,25462,0.6903228340271778,583,49,10.89795918367347,1313,79,15.620253164556964,592,153,2.869281045751634,3903,10290,0.6206997084548105,184,6091,0.9697914956493187,2900,1485,0.9528619528619529,1430,3074,0.534808067664281,699,948,0.2626582278481012,1337,67,18.955223880597014,34,46,0.26086956521739135,1168,7906,0.8522641032127498,0.8753250706387596,151121,151121,151121,101127,0
124,25034,56312,0.5554411137945732,341,8188,0.9583536883243772,8403,12545,0.3301713830211239,1393,11077,0.8742439288616051,17853,2107,7.473184622686285,7527,0,0.0,19092,5983,2.1910412836369715,102,0,0.0,7962,26044,0.6942865919213639,591,49,11.061224489795919,1346,86,14.651162790697674,607,205,1.9609756097560975,3966,10418,0.6193127279708197,184,6160,0.9701298701298702,2959,1505,0.9661129568106313,1458,3187,0.5425164731722623,719,949,0.24236037934668075,1366,68,19.08823529411765,37,46,0.19565217391304346,1199,8164,0.8531357177853993,0.8742006492785431,153093,153093,153093,102139,0
125,25268,56526,0.5529844673247709,353,8216,0.9570350535540408,8520,12555,0.3213859020310633,1404,11510,0.8780191138140747,17870,2115,7.449172576832151,7594,0,0.0,19277,6031,2.196319018404908,104,0,0.0,8015,26626,0.6989784421242395,598,49,11.204081632653061,1384,93,13.881720430107526,623,258,1.4147286821705425,4028,10546,0.6180542385738669,193,6228,0.9690109184328838,3028,1526,0.9842726081258191,1479,3301,0.5519539533474704,740,951,0.2218717139852786,1403,69,19.333333333333332,36,47,0.23404255319148937,1217,8422,0.8554975065305153,0.8732564213350186,155069,155069,155069,103134,0
126,25501,56740,0.5505639760310187,362,8244,0.9560892770499757,8614,12564,0.3143903215536453,1417,11943,0.8813530938625136,17888,2124,7.421845574387948,7667,0,0.0,19484,6079,2.205132423095904,103,0,0.0,8102,27207,0.7022089903333701,609,49,11.428571428571429,1416,100,13.16,641,310,1.067741935483871,4093,10674,0.6165448753981637,195,6296,0.9690279542566709,3107,1546,1.0097024579560157,1513,3415,0.5569546120058565,758,952,0.20378151260504207,1431,71,19.154929577464788,37,47,0.21276595744680848,1251,8680,0.8558755760368664,0.8722944963417196,157041,157041,157041,104189,0
127,25755,56954,0.5477929557186502,372,8272,0.9550290135396519,8709,12573,0.3073252207110475,1426,12376,0.8847769877181642,17901,2133,7.3924050632911396,7743,0,0.0,19663,6128,2.20871409921671,103,0,0.0,8191,27789,0.7052430817949549,617,49,11.591836734693878,1454,107,12.588785046728972,656,363,0.8071625344352618,4184,10801,0.6126284603277474,199,6364,0.968730358265242,3198,1567,1.0408423739629864,1544,3529,0.5624822896004533,773,953,0.1888772298006296,1460,72,19.27777777777778,37,47,0.21276595744680848,1281,8939,0.8566953797963979,0.8709941137998692,159016,159016,159016,105266,0
128,26030,57168,0.5446753428491464,382,8300,0.9539759036144578,8797,12582,0.30082657765061194,1440,12808,0.8875702685821362,17917,2141,7.368519383465671,7809,0,0.0,19836,6176,2.2117875647668392,105,0,0.0,8274,28371,0.7083641746854182,630,49,11.857142857142858,1495,114,12.114035087719298,664,415,0.6000000000000001,4258,10929,0.6103943636197273,202,6432,0.9685945273631841,3258,1587,1.052930056710775,1589,3643,0.5638210266264068,800,954,0.16142557651991618,1499,73,19.534246575342465,39,48,0.1875,1311,9197,0.8574535174513428,0.8694366625876624,160987,160987,160987,106335,0
129,26267,57382,0.5422432121571225,396,8328,0.9524495677233429,8892,12592,0.29383735705209657,1456,13241,0.8900385167283438,17929,2150,7.33906976744186,7894,0,0.0,19994,6224,2.2124035989717226,106,0,0.0,8347,28953,0.7117051773564051,642,49,12.10204081632653,1534,120,11.783333333333333,678,468,0.4487179487179487,4330,11057,0.6083928732929367,207,6501,0.968158744808491,3330,1608,1.0708955223880596,1631,3757,0.5658770295448496,820,955,0.1413612565445026,1534,74,19.72972972972973,39,48,0.1875,1352,9455,0.857006874669487,0.868177857414612,162962,162962,162962,107378,0
130,26516,57596,0.5396208070004862,404,8356,0.951651507898516,8988,12601,0.28672327593048175,1473,13674,0.8922773146116718,17935,2159,7.307086614173228,7987,0,0.0,20170,6272,2.2158801020408165,107,0,0.0,8431,29535,0.7145420687320129,650,49,12.26530612244898,1582,127,11.456692913385826,691,520,0.3288461538461538,4448,11185,0.6023245417970496,211,6569,0.9678794337037601,3401,1628,1.0890663390663389,1672,3871,0.568070266081116,840,956,0.12133891213389125,1564,75,19.85333333333333,40,48,0.16666666666666663,1383,9713,0.8576135076701328,0.8667406356481987,164934,164934,164934,108493,0
131,26783,57810,0.5367064521709046,410,8384,0.9510973282442748,9078,12610,0.2800951625693894,1482,14107,0.8949457716027505,17941,2167,7.279187817258883,8067,0,0.0,20365,6321,2.2218003480461954,107,0,0.0,8519,30116,0.7171271085137468,666,49,12.591836734693878,1622,134,11.104477611940299,714,573,0.24607329842931946,4572,11313,0.5958631662688942,219,6637,0.9670031640801567,3453,1649,1.0939963614311705,1717,3984,0.5690261044176708,860,957,0.10135841170323934,1601,77,19.792207792207794,40,48,0.16666666666666663,1421,9971,0.8574867114632434,0.8651644328877758,166907,166907,166907,109637,0
132,27060,58025,0.5336492890995261,415,8413,0.9506715796980862,9191,12619,0.27165385529756714,1495,14539,0.897173120572254,17960,2176,7.2536764705882355,8157,0,0.0,20565,6369,2.228921337729628,109,0,0.0,8595,30698,0.7200143331813147,676,49,12.795918367346939,1674,141,10.872340425531915,724,626,0.1565495207667731,4660,11440,0.5926573426573427,226,6705,0.9662938105891126,3540,1669,1.1210305572198922,1762,4098,0.5700341630063446,876,958,0.08559498956158662,1636,78,19.974358974358974,43,49,0.12244897959183676,1461,10230,0.8571847507331378,0.8640530074253029,168882,168882,168882,110825,0
133,27337,58239,0.53060663816343,423,8441,0.9498874540931169,9295,12629,0.263995565761343,1508,14972,0.8992786534865082,17971,2184,7.228479853479854,8239,0,0.0,20787,6417,2.239364188873305,111,0,0.0,8690,31280,0.7221867007672634,689,49,13.061224489795919,1718,148,10.608108108108109,741,678,0.09292035398230092,4767,11568,0.5879149377593361,229,6773,0.9661892809685516,3620,1690,1.1420118343195265,1801,4212,0.5724121557454891,896,959,0.06569343065693434,1671,79,20.151898734177216,43,49,0.12244897959183676,1499,10488,0.8570747520976354,0.862860320154517,170855,170855,170855,112035,0
134,27607,58453,0.5277060202213744,432,8469,0.9489904357066951,9411,12638,0.25534103497388827,1517,15405,0.9015254787406686,17966,2193,7.192430460556315,8305,0,0.0,21010,6465,2.2498066511987624,113,0,0.0,8784,31862,0.7243110915824493,705,49,13.387755102040817,1757,155,10.335483870967742,755,731,0.03283173734610134,4857,11696,0.5847298221614228,235,6842,0.96565331774335,3693,1710,1.1596491228070174,1845,4326,0.573509015256588,921,960,0.04062500000000002,1707,80,20.3375,43,49,0.12244897959183676,1548,10746,0.8559463986599665,0.8613947890689642,172829,172829,172829,113211,0
135,27901,58667,0.5244174749007108,437,8497,0.9485700835589032,9515,12647,0.24764766347750455,1526,15838,0.9036494506882182,17970,2202,7.160762942779291,8389,0,0.0,21211,6514,2.2562173779551733,115,0,0.0,8886,32443,0.7261042443670438,712,49,13.53061224489796,1815,162,10.203703703703704,775,783,0.010217113665389577,4950,11824,0.5813599458728012,241,6910,0.965123010130246,3757,1731,1.1704217215482382,1902,4440,0.5716216216216217,939,961,0.02289281997918835,1745,82,20.28048780487805,47,49,0.04081632653061229,1575,11004,0.8568702290076335,0.8600710514121611,174803,174803,174803,114408,0
136,28167,58881,0.5216283690834055,444,8525,0.9479178885630498,9649,12656,0.23759481668773708,1543,16271,0.9051687050580788,17968,2210,7.1303167420814475,8476,0,0.0,21397,6562,2.2607436757086252,116,0,0.0,8973,33025,0.7282967448902347,719,49,13.673469387755102,1880,169,10.124260355029586,783,836,0.0633971291866029,5039,11952,0.5783969210174029,246,6978,0.9647463456577816,3825,1751,1.1844660194174756,1954,4554,0.5709266578831796,960,962,0.0020790020790020236,1779,83,20.433734939759034,47,50,0.06000000000000005,1621,11262,0.8560646421594743,0.8590645789021134,176776,176776,176776,115586,0
137,28454,59095,0.5185041035620611,454,8553,0.9469192096340465,9764,12666,0.2291173219643139,1560,16703,0.9066036041429684,17973,2219,7.09959441189725,8564,0,0.0,21578,6610,2.264447806354009,118,0,0.0,9071,33607,0.7300859939893475,732,49,13.938775510204081,1934,175,10.051428571428572,796,888,0.10360360360360366,5114,12079,0.5766205811739382,251,7046,0.9643769514618223,3868,1772,1.1828442437923252,1998,4668,0.5719794344473008,980,963,0.017653167185877505,1815,84,20.607142857142858,49,50,0.020000000000000018,1673,11520,0.8547743055555556,0.8580899259847717,178747,178747,178747,116746,0
138,28763,59309,0.5150314454804499,458,8581,0.9466262673348095,9875,12675,0.22090729783037477,1572,17136,0.9082633053221288,17974,2227,7.070947462954647,8646,0,0.0,21766,6658,2.269149894863322,120,0,0.0,9157,34189,0.7321653163298136,743,49,14.16326530612245,1990,182,9.934065934065934,812,941,0.13708820403825717,5222,12207,0.5722126648644221,257,7114,0.9638740511667135,3902,1792,1.1774553571428572,2060,4781,0.5691277975318971,1001,964,0.0383817427385893,1839,85,20.63529411764706,49,50,0.020000000000000018,1725,11779,0.8535529331861788,0.8567776492787145,180719,180719,180719,117931,0
139,29049,59523,0.5119701627942139,472,8609,0.9451736554768266,9987,12684,0.2126300851466414,1595,17569,0.9092150947691957,17970,2236,7.036672629695886,8735,0,0.0,21916,6707,2.2676308334575817,123,0,0.0,9248,34771,0.7340312329239884,762,49,14.551020408163266,2063,189,9.915343915343914,827,993,0.1671701913393756,5340,12335,0.5670855289825699,265,7183,0.9631073367673674,3935,1813,1.1704357418643134,2121,4895,0.5667007150153218,1022,966,0.05797101449275366,1855,87,20.32183908045977,50,50,0.0,1780,12037,0.8521226219157597,0.8552403993519289,182696,182696,182696,119115,0
140,29329,59737,0.5090312536618846,479,8637,0.9445409285631585,10097,12693,0.2045221775781927,1613,18002,0.9103988445728253,17959,2245,6.999554565701559,8815,0,0.0,22073,6755,2.2676535899333827,124,0,0.0,9363,35352,0.7351493550577053,770,49,14.714285714285714,2113,196,9.78061224489796,840,1046,0.19694072657743789,5462,12463,0.5617427585653534,280,7251,0.961384636601848,3954,1833,1.1571194762684125,2181,5009,0.5645837492513476,1046,967,0.08169596690796288,1867,88,20.21590909090909,51,51,0.0,1839,12295,0.8504270028466856,0.8533646686774716,184669,184669,184669,120255,0
141,29573,59951,0.506713816283298,491,8665,0.9433352567801501,10201,12703,0.19696134771313867,1640,18435,0.9110387849199891,17963,2253,6.972924988903684,8903,0,0.0,22219,6803,2.266059091577245,128,0,0.0,9477,35934,0.7362664885623643,777,49,14.857142857142858,2183,203,9.753694581280788,849,1098,0.22677595628415304,5558,12591,0.5585735843062505,289,7319,0.9605137313840688,3967,1854,1.139697950377562,2256,5123,0.5596330275229358,1071,968,0.10640495867768585,1880,89,20.123595505617978,51,51,0.0,1896,12553,0.8489604078706285,0.8519732964713195,186642,186642,186642,121372,0
142,29822,60165,0.504329759827142,497,8694,0.9428341384863124,10307,12712,0.18919131529263689,1667,18867,0.9116446705888589,17967,2262,6.9429708222811675,8979,0,0.0,22376,6851,2.266092541234856,130,0,0.0,9589,36516,0.7374027823419871,797,49,15.26530612244898,2249,210,9.709523809523809,869,1151,0.24500434404865334,5681,12718,0.5533102689102061,296,7387,0.9599296060647082,3979,1874,1.1232657417289222,2326,5237,0.5558525873591751,1099,969,0.1341589267285861,1885,90,19.944444444444443,55,51,0.07843137254901955,1964,12811,0.8466942471313714,0.8504140731865079,188614,188614,188614,122534,0
143,30078,60380,0.5018549188473005,504,8722,0.942215088282504,10435,12721,0.1797028535492493,1688,19300,0.912538860103627,17964,2271,6.9101717305151915,9070,0,0.0,22511,6900,2.262463768115942,132,0,0.0,9669,37098,0.7393660035581433,810,49,15.53061224489796,2324,217,9.709677419354838,889,1204,0.2616279069767442,5809,12846,0.5477969796045461,313,7455,0.9580147551978538,3984,1895,1.1023746701846964,2410,5351,0.5496168940384974,1129,970,0.16391752577319596,1889,92,19.532608695652176,55,51,0.07843137254901955,2027,13070,0.844912012241775,0.8486610141034251,190592,190592,190592,123690,0
144,30354,60594,0.4990593128032479,516,8750,0.9410285714285714,10557,12730,0.17069913589945007,1710,19733,0.9133431307961283,17968,2279,6.884159719175077,9171,0,0.0,22621,6948,2.2557570523891766,134,0,0.0,9759,37679,0.7409963109424348,822,49,15.775510204081634,2390,224,9.669642857142858,909,1256,0.2762738853503185,5938,12974,0.5423154000308309,324,7524,0.9569377990430622,3991,1915,1.0840731070496084,2499,5465,0.5427264409881061,1151,971,0.18537590113285263,1894,93,19.365591397849464,56,52,0.07692307692307687,2099,13328,0.8425120048019208,0.8466535801084315,192564,192564,192564,124863,0
145,30662,60808,0.495757137218787,528,8778,0.9398496240601504,10701,12740,0.16004709576138143,1740,20166,0.9137161559059803,17975,2288,6.856206293706293,9281,0,0.0,22700,6996,2.244711263579188,137,0,0.0,9844,38261,0.7427145134732496,834,49,16.020408163265305,2460,230,9.695652173913043,926,1309,0.29258976317799845,6050,13102,0.5382384368798656,336,7592,0.9557428872497366,3993,1936,1.0625,2590,5578,0.5356758694872714,1186,972,0.22016460905349788,1895,94,19.159574468085108,56,52,0.07692307692307687,2180,13586,0.839540703665538,0.8443792183492086,194537,194537,194537,126074,0
146,30970,61022,0.49247812264429225,539,8806,0.93879173290938,10845,12749,0.1493450466703271,1766,20598,0.9142635207301679,17978,2296,6.830139372822299,9364,0,0.0,22784,7044,2.234525837592277,139,0,0.0,9955,38843,0.7437118657158304,849,49,16.3265306122449,2523,237,9.645569620253164,951,1361,0.30124908155767816,6161,13230,0.5343159486016629,344,7660,0.9550913838120104,3991,1956,1.0403885480572597,2686,5692,0.5281096275474351,1224,973,0.2579650565262077,1894,95,18.936842105263157,58,52,0.11538461538461542,2252,13844,0.8373302513724357,0.8418936729989263,196507,196507,196507,127273,0
147,31275,61236,0.48927101704879483,550,8834,0.9377405478831786,11009,12758,0.1370904530490673,1792,21031,0.9147924492415958,17973,2305,6.797396963123644,9435,0,0.0,22851,7093,2.221626956153955,140,0,0.0,10057,39425,0.7449080532656944,867,49,16.693877551020407,2600,244,9.655737704918034,965,1414,0.31753889674681757,6264,13357,0.5310324174590102,357,7728,0.9538043478260869,3992,1977,1.019221041982802,2771,5806,0.5227351016190148,1264,974,0.29774127310061593,1896,97,18.54639175257732,59,52,0.13461538461538458,2332,14102,0.8346333853354134,0.8393960157596155,198482,198482,198482,128449,0
148,31565,61450,0.48633034987794954,560,8862,0.9368088467614534,11128,12767,0.1283778491423201,1822,21464,0.9151136787178531,17975,2314,6.7679343128781335,9538,0,0.0,22906,7141,2.2076739952387623,140,0,0.0,10172,40007,0.7457444947134251,884,49,17.040816326530614,2673,251,9.649402390438247,978,1466,0.3328785811732605,6400,13485,0.5253985910270671,370,7796,0.952539763981529,3994,1997,1.0,2886,5920,0.5125,1297,975,0.3302564102564103,1897,98,18.357142857142858,60,53,0.13207547169811318,2409,14361,0.8322540213077083,0.836961727261843,200456,200456,200456,129654,0
149,31884,61664,0.4829398028022833,571,8890,0.9357705286839145,11267,12777,0.11818110667605852,1850,21897,0.9155135406676713,17983,2322,6.7446167097329885,9644,0,0.0,22943,7189,2.191403533175685,142,0,0.0,10284,40588,0.7466246181137282,898,49,17.3265306122449,2742,258,9.627906976744185,991,1519,0.34759710335747207,6569,13613,0.5174465584367884,387,7865,0.950794659885569,3999,2018,0.981665014866204,2988,6034,0.5048060987736162,1347,976,0.3801229508196722,1899,99,18.181818181818183,61,53,0.15094339622641506,2471,14619,0.8309733907928039,0.834352615719014,202430,202430,202430,130920,0
150,32196,61878,0.4796858334141375,581,8918,0.934850863422292,11408,12786,0.107774127952448,1889,22330,0.9154052843708016,17983,2331,6.714714714714715,9745,0,0.0,22974,7237,2.174519828658284,142,0,0.0,10396,41170,0.747486033519553,908,49,17.53061224489796,2812,265,9.611320754716981,1005,1571,0.36028007638446846,6753,13741,0.5085510515974092,402,7933,0.9493256019160469,3996,2038,0.9607458292443571,3088,6148,0.49772283669486017,1391,977,0.4237461617195497,1899,100,17.99,61,53,0.15094339622641506,2560,14877,0.8279222961618606,0.8313764053189303,204402,204402,204402,132189,0
151,32535,62092,0.47601945500225473,586,8946,0.9344958640733289,11566,12795,0.09605314576006252,1920,22762,0.9156488884983744,17984,2339,6.68875587858059,9828,0,0.0,22987,7286,2.1549547076585234,142,0,0.0,10518,41752,0.7480839241233953,926,49,17.897959183673468,2879,272,9.584558823529411,1029,1624,0.3663793103448276,6936,13869,0.49989184512221496,416,8001,0.9480064991876016,3995,2059,0.9402622632345798,3211,6262,0.4872245289045034,1443,978,0.4754601226993864,1898,101,17.792079207920793,62,53,0.16981132075471694,2646,15135,0.825173439048563,0.8280169594185343,206375,206375,206375,133507,0
152,32835,62306,0.47300420505248286,601,8975,0.9330362116991644,11708,12805,0.08566966028894962,1957,23195,0.915628368182798,17976,2348,6.65587734241908,9916,0,0.0,23005,7334,2.1367602945186803,144,0,0.0,10630,42334,0.7489015921009118,935,49,18.081632653061224,2941,279,9.54121863799283,1044,1677,0.37745974955277284,7137,13997,0.49010502250482246,435,8069,0.9460899739744701,3995,2079,0.9215969215969215,3307,6262,0.47189396358990743,1491,979,0.5229826353421858,1898,103,17.42718446601942,63,54,0.16666666666666674,2734,15393,0.822386799194439,0.8248446489113418,208238,208238,208238,134752,0
153,33133,62521,0.47005006317877196,611,9029,0.9323291615904308,11875,12807,0.07277270242835954,1999,23329,0.9143126580650692,17973,2357,6.62537123462028,10005,0,0.0,23012,7382,2.117312381468437,147,178,0.1741573033707865,10751,42916,0.7494873706776027,955,49,18.489795918367346,3036,279,9.881720430107526,1064,1677,0.3655336911150865,7329,14077,0.4793635007458975,450,8138,0.9447038584418777,3996,2100,0.9028571428571428,3415,6262,0.4546470776109869,1531,981,0.5606523955147809,1897,104,17.240384615384617,65,54,0.20370370370370372,2813,15652,0.8202785586506517,0.8202456501438835,209892,209892,209892,136057,0
154,33443,62715,0.4667463924101092,621,9083,0.9316305185511395,12015,12810,0.06206088992974235,2035,23462,0.9132640013639076,17969,2365,6.597885835095138,10092,0,0.0,23022,7430,2.098519515477793,152,357,0.5742296918767507,10889,43112,0.7474253108183336,980,49,19.0,3132,280,10.185714285714285,1081,1677,0.3553965414430531,7513,14157,0.46930846930846926,463,8138,0.9431064143524207,4000,2101,0.9038553069966682,3509,6569,0.46582432638148885,1588,997,0.5927783350050151,1899,113,15.805309734513273,65,54,0.20370370370370372,2918,15652,0.813570150779453,0.8168348956285731,211121,211121,211121,137386,0
155,33757,62910,0.4634080432363694,631,9137,0.9309401335230382,12163,12813,0.05072972762038552,2086,23596,0.9115951856246821,17971,2374,6.569924178601516,10176,0,0.0,23025,7479,2.0786201363818693,153,536,0.7145522388059702,11004,43309,0.7459188621302731,993,49,19.26530612244898,3213,280,10.475,1100,1677,0.34406678592725104,7701,14237,0.4590854814918873,479,8138,0.9411403293192431,3999,2102,0.9024738344433874,3610,6877,0.47506180020357713,1641,1013,0.6199407699901283,1899,121,14.694214876033058,66,54,0.22222222222222232,3009,15652,0.807756197291081,0.81326464300178,212354,212354,212354,138676,0
156,34085,63104,0.4598599137931034,646,9191,0.9297138505059297,12305,12815,0.039797112758486186,2122,23729,0.9105735597791732,17967,2383,6.539655895929501,10262,0,0.0,23029,7527,2.059519064700412,157,715,0.7804195804195804,11126,43505,0.7442592805424664,1003,49,19.46938775510204,3283,281,10.683274021352313,1118,1677,0.33333333333333337,7884,14317,0.44932597611231406,501,8138,0.9384369623986237,3997,2103,0.9006181645268663,3729,7185,0.4810020876826723,1682,1029,0.6345966958211857,1897,130,13.592307692307692,68,54,0.2592592592592593,3098,15652,0.8020700230002555,0.8094660648737733,213584,213584,213584,139959,0
157,34363,63299,0.457132024202594,651,9245,0.9295835586803678,12451,12818,0.028631611795912004,2179,23863,0.9086870887985584,17974,2391,6.517356754496027,10364,0,0.0,23031,7575,2.0403960396039604,158,894,0.8232662192393736,11251,43702,0.7425518282916114,1017,49,19.755102040816325,3378,282,10.97872340425532,1133,1677,0.32438878950506855,8046,14397,0.44113356949364446,523,8138,0.9357335954780044,3996,2104,0.8992395437262357,3820,7492,0.49012279765082756,1720,1046,0.6443594646271511,1897,139,12.647482014388489,69,54,0.2777777777777777,3204,15652,0.7952977255302837,0.8062862808809359,214817,214817,214817,141225,0
158,34664,63493,0.4540500527617217,658,9299,0.9292397031938918,12621,12821,0.015599407222525508,2225,23996,0.907276212702117,17979,2400,6.49125,10456,0,0.0,23029,7623,2.020989111898203,159,1073,0.8518173345759552,11369,43898,0.7410132580071985,1031,49,20.040816326530614,3456,282,11.25531914893617,1150,1677,0.31425163983303517,8223,14477,0.43199557919458453,535,8138,0.9342590317031212,3997,2105,0.898812351543943,3923,7800,0.497051282051282,1777,1062,0.6732580037664784,1898,147,11.91156462585034,70,54,0.2962962962962963,3288,15652,0.7899309992333248,0.8029771437564223,216046,216046,216046,142508,0
159,34938,63688,0.4514194196708956,669,9353,0.9284721479739121,12866,12823,0.0033533494502067107,2277,24130,0.9056361375880646,17984,2408,6.46843853820598,10549,0,0.0,23021,7672,2.0006517205422316,163,1252,0.8698083067092652,11506,44095,0.739063385871414,1048,49,20.387755102040817,3521,283,11.441696113074205,1169,1677,0.3029218843172331,8392,14557,0.42350759084976297,553,8138,0.9320471860407963,3996,2106,0.8974358974358974,4058,8108,0.4995066600888012,1819,1078,0.6873840445269017,1897,156,11.16025641025641,74,54,0.37037037037037046,3386,15652,0.7836698185535395,0.7993639514173022,217279,217279,217279,143886,0
160,35244,63882,0.4482952944491406,685,9407,0.9271818858297013,13081,12826,0.019881490721971096,2319,24263,0.9044223715121791,17975,2417,6.436905254447662,10666,0,0.0,23021,7720,1.9819948186528498,168,1431,0.8825995807127882,11643,44291,0.7371249237994175,1060,49,20.632653061224488,3590,283,11.685512367491166,1185,1677,0.2933810375670841,8540,14638,0.4165869654324361,565,8138,0.930572622265913,3996,2107,0.8965353583293783,4175,8415,0.5038621509209744,1871,1094,0.710237659963437,1897,165,10.496969696969696,74,54,0.37037037037037046,3474,15652,0.7780475338614874,0.7977337317913679,218509,218509,218509,145229,0
161,35548,64077,0.4452299577071336,698,9461,0.926223443610612,13303,12829,0.036947540728037964,2366,24397,0.9030208632208878,17975,2426,6.409315746084089,10756,0,0.0,23028,7768,1.9644696189495368,167,1610,0.8962732919254659,11769,44488,0.735456752382665,1073,49,20.897959183673468,3692,284,12.0,1204,1677,0.28205128205128205,8680,14718,0.4102459573311591,578,8138,0.9289751781764561,3994,2108,0.894686907020873,4295,8723,0.5076235240169666,1921,1111,0.7290729072907292,1897,173,9.965317919075144,78,54,0.4444444444444444,3558,15652,0.7726808075645285,0.796353012382647,219743,219743,219743,146580,0
162,35862,64271,0.44201895100434097,707,9515,0.9256962690488701,13499,12831,0.05206141376354134,2406,24530,0.9019160211985324,17972,2434,6.3837304847986855,10843,0,0.0,23035,7816,1.9471596724667348,169,1789,0.9055338177752934,11913,44684,0.7333945036254588,1091,49,21.26530612244898,3779,285,12.259649122807017,1224,1677,0.2701252236135957,8827,14798,0.40350047303689685,593,8138,0.927131973457852,3994,2109,0.8937885253674727,4453,9031,0.5069206067988041,1982,1127,0.7586512866015971,1901,182,9.445054945054945,78,54,0.4444444444444444,3655,15652,0.7664835164835164,0.7945033759933385,220972,220972,220972,147983,0
163,36186,64466,0.43868085502435394,718,9569,0.9249660361584282,13684,12834,0.06623032569736642,2457,24664,0.9003811222834901,17971,2443,6.356119525173966,10929,0,0.0,23026,7865,1.9276541640178002,175,1968,0.9110772357723578,12044,44881,0.731645908068002,1105,49,21.551020408163264,3853,285,12.519298245614035,1248,1677,0.2558139534883721,8971,14878,0.3970291705874446,614,8138,0.9245514868518063,3993,2111,0.8915206063477026,4581,9339,0.5094763893350466,2036,1143,0.7812773403324584,1898,191,8.93717277486911,80,54,0.4814814814814814,3753,15652,0.7602223358037312,0.7924367819195615,222207,222207,222207,149322,0
164,36447,64660,0.4363284874729354,724,9623,0.9247635872389068,13896,12837,0.0824959102594065,2510,24797,0.8987780779933057,17978,2451,6.334965320277438,11021,0,0.0,23023,7913,1.9095159863515732,176,2147,0.9180251513740103,12153,45077,0.7303946580295938,1127,49,22.0,3919,286,12.702797202797203,1270,1677,0.24269528920691708,9103,14958,0.3914293354726568,637,8138,0.9217252396166135,3992,2116,0.8865784499054821,4730,9764,0.5155673904137649,2081,1159,0.7955133735979292,1900,199,8.547738693467336,83,57,0.45614035087719307,3863,15652,0.753194479938666,0.7909867597065665,223560,223560,223560,150633,0
165,36749,64855,0.43336674119188956,731,9677,0.9244600599359305,14091,12839,0.09751538281797645,2565,24931,0.8971160402711483,17977,2460,6.307723577235772,11106,0,0.0,23032,7961,1.8931038814219319,180,2326,0.9226139294926913,12282,45274,0.7287184697618942,1150,49,22.46938775510204,3997,286,12.975524475524475,1287,1677,0.2325581395348837,9258,15038,0.38435962229019816,664,8138,0.918407471123126,3994,2122,0.882186616399623,4843,10189,0.5246834821866719,2133,1176,0.8137755102040816,1899,207,8.173913043478262,83,61,0.360655737704918,3970,15652,0.7463582928699208,0.7893054357588098,224918,224918,224918,151991,0
166,37058,65049,0.43030638441790037,736,9731,0.9243654300688521,14258,12842,0.1102631988786793,2624,25064,0.8953080114905841,17970,2469,6.278250303766707,11200,0,0.0,23037,8009,1.876389062304907,182,2505,0.9273453093812375,12392,45470,0.7274686606553772,1170,49,22.877551020408163,4089,287,13.247386759581882,1310,1677,0.21884317233154438,9398,15118,0.3783569255192486,680,8138,0.9164413860899484,3996,2127,0.8787023977433004,4969,10614,0.5318447333710195,2191,1192,0.8380872483221478,1900,215,7.837209302325581,85,64,0.328125,4049,15652,0.7413110145668285,0.7878217366709094,226272,226272,226272,153294,0
167,37312,65244,0.42811599534056777,747,9785,0.9236586612161471,14426,12845,0.12308291163876994,2673,25198,0.8939201523930471,17978,2477,6.257973354864756,11307,0,0.0,23039,8058,1.8591461901216184,187,2684,0.930327868852459,12497,45667,0.7263450631747214,1188,49,23.244897959183675,4172,288,13.48611111111111,1328,1677,0.2081097197376267,9530,15199,0.3729850648068952,708,8138,0.9130007372818875,3998,2133,0.8743553680262541,5093,11039,0.5386357459914848,2256,1208,0.8675496688741722,1899,223,7.5156950672645735,86,68,0.2647058823529411,4140,15652,0.7354970610784564,0.7866556547409854,227632,227632,227632,154564,0
168,37549,65438,0.4261896757235857,759,9935,0.9236034222445898,14564,12847,0.13364987934926442,2741,25331,0.8917926651138921,17982,2486,6.233306516492357,11395,0,0.0,23032,8106,1.841352084875401,193,2845,0.9321616871704745,12642,45863,0.7243529642631314,1214,60,19.233333333333334,4260,385,10.064935064935066,1350,1711,0.21098772647574515,9683,15287,0.3665859880944593,721,8138,0.9114032931924305,3996,2138,0.8690364826941066,5228,11464,0.5439637124912771,2322,1224,0.8970588235294117,1900,231,7.225108225108226,86,71,0.21126760563380276,4260,15652,0.7278303092256581,0.78416924070293,229212,229212,229212,155877,0
169,37853,65633,0.42326268797708466,768,10085,0.9238472979672782,14686,12850,0.1428793774319066,2800,25465,0.8900451600235617,17975,2495,6.2044088176352705,11509,0,0.0,23038,8154,1.8253617856266864,198,3006,0.9341317365269461,12781,46060,0.7225141120277898,1235,71,16.3943661971831,4341,482,8.006224066390041,1370,1745,0.21489971346704873,9820,15376,0.3613423517169615,730,8138,0.9102973703612681,3997,2144,0.8642723880597014,5379,11889,0.5475649760282615,2374,1241,0.9129734085414989,1899,239,6.945606694560669,88,75,0.17333333333333334,4367,15652,0.7209941221569128,0.7815164644714038,230800,230800,230800,157208,0
170,38104,65827,0.42114937639570393,775,10235,0.9242794333170493,14764,12853,0.14868124173344754,2861,25598,0.8882334557387296,17974,2503,6.180982820615261,11588,0,0.0,23039,8202,1.8089490368202878,197,3167,0.937796021471424,12908,46256,0.7209443099273607,1250,82,14.24390243902439,4406,580,6.596551724137931,1394,1780,0.21685393258426966,9976,15465,0.3549304881991594,749,8138,0.9079626443843696,3999,2149,0.8608655188459748,5496,12314,0.5536787396459315,2434,1257,0.9363564041368337,1899,247,6.6882591093117405,90,78,0.15384615384615374,4464,15652,0.7147968310759009,0.7788865794830087,232383,232383,232383,158367,0
171,38378,66022,0.41870891521008147,788,10385,0.9241213288396726,14834,12855,0.15394788020225603,2909,25732,0.8869501010415047,17974,2512,6.155254777070064,11686,0,0.0,23037,8251,1.7920252090655677,199,3328,0.9402043269230769,13036,46453,0.7193722687447528,1265,93,12.602150537634408,4484,677,5.623338257016248,1416,1814,0.2194046306504961,10124,15553,0.34906448916607724,760,8138,0.90661096092406,3997,2155,0.8547563805104408,5625,12739,0.558442577910354,2503,1273,0.9662215239591516,1900,255,6.450980392156863,93,82,0.13414634146341453,4562,15652,0.7085356503961155,0.7763378909171728,233969,233969,233969,159570,0
172,38668,66216,0.4160323788812371,803,10536,0.9237851176917236,14884,12858,0.15756727329289166,2969,25865,0.8852116760100522,17971,2520,6.131349206349206,11781,0,0.0,23033,8299,1.7753946258585374,202,3489,0.942103754657495,13154,46649,0.7180218225471071,1288,105,11.266666666666667,4564,774,4.896640826873385,1438,1849,0.2222823147647377,10268,15642,0.34356220432169804,781,8138,0.9040304743180143,3998,2160,0.8509259259259259,5758,13164,0.5625949559404436,2558,1289,0.9844840961986037,1900,263,6.224334600760456,96,85,0.12941176470588234,4656,15652,0.7025300281114235,0.7735966003404754,235553,235553,235553,160770,0
173,38944,66411,0.41359112195268855,815,10686,0.9237319857757814,14918,12861,0.15994090661690374,3031,25999,0.8834185930228086,17973,2529,6.106761565836299,11877,0,0.0,23040,8347,1.7602731520306696,208,3650,0.943013698630137,13295,46846,0.7161977543440208,1312,116,10.310344827586206,4660,872,4.344036697247707,1468,1883,0.22039298990971856,10427,15731,0.33716864789269596,799,8138,0.9018186286556894,3998,2166,0.8457987072945521,5880,13589,0.5672970785193907,2627,1306,1.0114854517611027,1898,271,6.003690036900369,97,89,0.0898876404494382,4776,15652,0.6948632762586251,0.7707829064442402,237142,237142,237142,162043,0
174,39209,66605,0.4113204714360784,824,10836,0.9239571797711332,14935,12863,0.1610821736764363,3075,26132,0.8823281800091841,17969,2538,6.079984239558708,11979,0,0.0,23037,8395,1.7441334127456818,213,3811,0.9441091577013907,13436,47042,0.7143828918838484,1336,127,9.51968503937008,4736,969,3.8875128998968007,1496,1918,0.22002085505735136,10553,15819,0.3328908274859347,818,8138,0.8994839026787909,3999,2171,0.8420082911100875,6023,14014,0.5702154987869273,2676,1322,1.0242057488653553,1896,279,5.795698924731183,101,92,0.09782608695652173,4870,15652,0.6888576539739331,0.768078484268378,238723,238723,238723,163181,0
175,39503,66800,0.4086377245508982,837,10986,0.923812124522119,14958,12866,0.16259909839888076,3138,26266,0.8805299626894083,17970,2546,6.058130400628436,12085,0,0.0,23041,8444,1.7286830885836095,218,3972,0.9451158106747231,13568,47239,0.7127796947437499,1357,138,8.833333333333334,4818,1066,3.519699812382739,1521,1952,0.22079918032786883,10717,15908,0.3263138043751571,836,8138,0.897272057016466,3995,2177,0.8350941662838769,6149,14439,0.5741394833437219,2742,1338,1.0493273542600896,1895,287,5.602787456445993,102,95,0.0736842105263158,4966,15652,0.6827242524916943,0.7652855282157556,240309,240309,240309,164416,0
176,39773,66994,0.4063199689524435,851,11136,0.9235811781609196,14968,12869,0.16310513637423263,3214,26399,0.878252964127429,17975,2555,6.035225048923679,12172,0,0.0,23038,8492,1.7129062647197362,220,4133,0.9467699007984515,13685,47435,0.7114999472963002,1376,149,8.234899328859061,4902,1164,3.211340206185567,1544,1987,0.22294916960241573,10855,15997,0.3214352691129587,850,8138,0.8955517326124355,3996,2182,0.8313473877176902,6287,14864,0.5770317545748116,2800,1354,1.0679468242245198,1895,295,5.423728813559322,102,99,0.030303030303030276,5074,15652,0.6758241758241759,0.7625116786691691,241894,241894,241894,165577,0
177,40043,67189,0.4040244682909405,861,11287,0.9237175511650572,14966,12871,0.16276901561650226,3278,26533,0.8764557343685222,17970,2563,6.0113148653921185,12265,0,0.0,23048,8540,1.6988290398126464,226,4295,0.9473806752037253,13816,47632,0.7099428955324152,1396,161,7.670807453416149,5005,1261,2.9690721649484537,1571,2021,0.22266204849084614,11001,16085,0.31607087348461305,863,8138,0.8939542885229786,3998,2188,0.8272394881170018,6430,15289,0.5794361959578782,2855,1371,1.0824215900802332,1895,303,5.254125412541254,106,102,0.03921568627450989,5181,15652,0.6689879887554306,0.7597923451932594,243481,243481,243481,166774,0
178,40320,67383,0.4016294911179378,868,11437,0.9241059718457637,14969,12874,0.16273108590958518,3335,26666,0.874934373359334,17969,2572,5.986391912908243,12355,0,0.0,23038,8588,1.6825803446669774,227,4456,0.9490574506283662,13937,47828,0.7086016559337627,1418,172,7.2441860465116275,5091,1358,2.7488954344624448,1606,2056,0.2188715953307393,11134,16174,0.3116112278966242,881,8138,0.8917424428606537,4000,2193,0.823985408116735,6545,15714,0.5834924271350388,2914,1387,1.1009372746935835,1894,311,5.090032154340836,107,106,0.009433962264151052,5276,15652,0.6629184768719653,0.7572235937404362,245065,245065,245065,167884,0
179,40587,67578,0.3994051318476427,888,11587,0.9233623888840943,14974,12877,0.16284848955502063,3399,26800,0.8731716417910448,17966,2581,5.960867880666409,12453,0,0.0,23041,8637,1.6677086951487787,234,4617,0.949317738791423,14068,48025,0.7070692347735554,1435,183,6.841530054644808,5177,1456,2.555631868131868,1630,2090,0.22009569377990434,11268,16263,0.3071389042612064,903,8138,0.8890390759400344,3998,2199,0.8180991359708958,6650,16139,0.5879546440299894,2984,1403,1.1268709907341412,1897,319,4.946708463949843,109,109,0.0,5364,15652,0.6572961921799131,0.7547769538582543,246653,246653,246653,169025,0
180,40902,67772,0.3964764209408015,901,11737,0.923234216580046,14983,12879,0.16336672101871264,3458,26933,0.8716073218727954,17971,2589,5.9412900733874086,12538,0,0.0,23041,8685,1.652964881980426,241,4778,0.9495604855588112,14225,48221,0.7050040438812966,1453,194,6.489690721649485,5269,1553,2.392788151963941,1665,2125,0.21647058823529408,11418,16351,0.30169408598862457,916,8138,0.8874416318505776,3995,2204,0.8126134301270418,6767,16564,0.5914634146341464,3039,1419,1.1416490486257929,1897,327,4.801223241590214,112,113,0.008849557522123908,5464,15652,0.6509072323025811,0.7519155313131964,248234,248234,248234,170255,0
181,41212,67967,0.39364691688613596,907,11887,0.9236981576512157,14983,12882,0.16309579257879214,3517,27067,0.8700631765618649,17974,2598,5.918398768283295,12657,0,0.0,23045,8733,1.6388411771441658,245,4939,0.9503948167645272,14371,48418,0.7031888966913131,1480,206,6.184466019417476,5359,1650,2.247878787878788,1695,2159,0.21491431218156554,11552,16440,0.29732360097323596,939,8138,0.8846153846153846,3992,2210,0.8063348416289593,6894,16989,0.5942080169521455,3093,1436,1.153899721448468,1897,335,4.6626865671641795,114,116,0.017241379310344862,5569,15652,0.6441988244313825,0.7492814884197548,249822,249822,249822,171495,0
182,41509,68161,0.39101539003242325,920,12038,0.9235753447416515,14980,12885,0.16259216142801702,3574,27200,0.8686029411764706,17970,2607,5.892980437284235,12759,0,0.0,23048,8782,1.6244591209291732,251,5100,0.9507843137254902,14483,48614,0.7020817048586827,1509,217,5.953917050691245,5443,1748,2.1138443935926774,1737,2194,0.2082953509571559,11696,16529,0.292395184221671,964,8138,0.8815433767510444,3994,2215,0.8031602708803611,7011,17414,0.5973929022625474,3147,1452,1.1673553719008263,1895,343,4.524781341107872,115,120,0.04166666666666663,5665,15652,0.6380654229491438,0.7467155113778743,251409,251409,251409,172670,0
183,41800,68356,0.3884955234361285,934,12188,0.9233672464719396,14986,12885,0.16305781916957707,3642,27199,0.8660980183094966,17977,2615,5.874569789674952,12862,0,0.0,23047,8900,1.5895505617977528,255,5261,0.9515301273522144,14606,48811,0.7007641720104074,1529,228,5.706140350877193,5535,1845,2.0,1760,2228,0.21005385996409331,11864,16617,0.28603237648191615,981,8138,0.8794544114032932,3997,2221,0.79963980189104,7135,17839,0.6000336341723191,3210,1468,1.1866485013623977,1896,351,4.401709401709402,117,123,0.04878048780487809,5759,15652,0.6320598006644518,0.7436394188000396,252925,252925,252925,173892,0
184,42107,68550,0.38574762946754193,952,12338,0.9228400064840331,14989,12885,0.1632906480403571,3715,27198,0.863409074196632,17980,2624,5.852134146341464,12959,0,0.0,23041,9019,1.5547178179399048,257,5422,0.9526005164146072,14734,49007,0.699349072581468,1561,239,5.531380753138075,5633,1942,1.900617919670443,1779,2263,0.21387538665488293,12006,16706,0.28133604692924696,998,8138,0.8773654460555419,3998,2226,0.7960467205750226,7239,18264,0.603646517739816,3264,1484,1.1994609164420487,1899,359,4.289693593314763,118,126,0.06349206349206349,5853,15652,0.6260541783797597,0.7406481634321378,254442,254442,254442,175082,0
185,42377,68745,0.3835624409047931,969,12488,0.9224055092889174,14989,12885,0.1632906480403571,3784,27197,0.860867007390521,17973,2632,5.828647416413374,13056,0,0.0,23042,9137,1.5218343000985004,264,5583,0.9527135948414831,14871,49204,0.6977684741077961,1598,250,5.392,5721,2040,1.8044117647058822,1813,2297,0.21070962124510229,12146,16795,0.2768085739803513,1010,8138,0.8758908822806586,3997,2232,0.7907706093189963,7365,18689,0.605917919631869,3308,1501,1.2038640906062623,1898,367,4.1716621253406,122,130,0.06153846153846154,5947,15652,0.6200485560950677,0.7375626069494691,255962,255962,255962,176250,0
186,42677,68939,0.3809454735345741,983,12638,0.9222187054913752,14982,12885,0.16274738067520378,3852,27196,0.8583615237534932,17970,2641,5.804240817872018,13160,0,0.0,23050,9256,1.4902765773552291,268,5744,0.9533426183844012,15007,49400,0.6962145748987854,1623,262,5.194656488549619,5820,2137,1.7234440804866638,1849,2332,0.20711835334476847,12283,16883,0.27246342474678675,1029,8138,0.8735561563037602,3995,2237,0.7858739383102369,7470,19114,0.6091869833629799,3373,1517,1.2234673698088332,1897,375,4.058666666666666,122,133,0.08270676691729328,6069,15652,0.6122540250447227,0.7345065034429993,257479,257479,257479,177479,0
